id,user_name,email,password,create_date,update_date
1,ndiloway0,kyancey0@cyberchimps.com,"cN8TF+.06""{y",2023-07-04 20:02:28,2023-12-16 04:28:46
2,cquinsee1,bguiot1@sciencedaily.com,zD4|~H{rul9Y*h(K,2024-05-04 02:33:24,2024-04-25 17:00:13
3,aellacott2,tcastilljo2@webmd.com,dA8q}HGg*sV,2023-07-01 16:25:21,2024-04-05 21:23:15
4,bwhetnell3,sferrillo3@privacy.gov.au,jN26K{6%K`,2023-10-10 23:13:32,2023-08-05 04:35:11
5,lganniclifft4,tmontrose4@buzzfeed.com,cX7VuQ21.O,2023-06-02 05:08:38,2024-01-05 15:51:18
6,glamkin5,hbernholt5@cisco.com,vJ4X+#@tU9bt`!,2023-09-17 17:18:48,2024-03-03 22:46:50
7,atomsa6,kblanden6@walmart.com,"oY1)(xA,`lQ",2023-10-24 04:24:49,2023-09-24 18:31:22
8,mtall7,paldwick7@wsj.com,tM3W~D+x<,2024-01-17 04:18:39,2023-11-25 23:57:52
9,jburbidge8,eblundin8@cdbaby.com,xG8*|TzeYtcJ,2024-04-16 21:14:07,2024-02-10 17:27:29
10,tlamboll9,zmcmickan9@nifty.com,jK4$5NT616K,2023-09-12 10:23:00,2024-04-10 12:06:59
11,rsullensa,dshaula@dailymotion.com,wQ8<NVaRtS`=C3,2024-01-02 06:36:04,2024-04-06 09:00:23
12,zbutteb,hmedlandb@hexun.com,kY1CfhmYpYOI,2024-04-21 16:02:40,2024-03-21 05:08:55
13,gjardeinc,fgrisardc@wsj.com,mS6JzwWzfg,2023-07-07 23:57:56,2023-07-16 11:16:13
14,cborboroughd,dbartosiakd@themeforest.net,uI2hT#ii,2023-12-04 22:56:37,2023-11-29 02:52:01
15,ilemmone,jcherryholmee@fotki.com,vR6<mQd(>%z7kP,2023-10-11 00:42:34,2023-11-15 16:08:28
16,bglasserf,hspilsteadf@github.io,uV5FKCRO\}1(,2023-11-18 11:09:23,2023-08-27 17:53:29
17,mdawsong,fapflerg@simplemachines.org,eJ4|xu3tYZ}3qBE,2024-02-28 01:01:49,2023-08-12 06:47:46
18,hspargoh,stheurerh@admin.ch,tU81Eh|Spqli,2023-06-04 02:29:58,2024-02-28 21:23:50
19,lmuldowneyi,elehoni@storify.com,"kU8#e,|j~X7QdcP_",2024-03-13 07:40:58,2023-12-24 09:55:34
20,rbeamissj,rbeangej@bing.com,kP7G=M8cEk,2023-08-03 11:29:34,2023-10-13 10:40:43
21,eivannikovk,llogesk@webs.com,cL8>DoRpY>#Mu{yd,2023-11-13 07:33:50,2023-12-06 12:09:31
22,jmcneighl,lstotherfieldl@businessinsider.com,bR7xDPnCCBWmR?#,2023-10-20 02:20:05,2023-10-17 18:04:31
23,pburganm,blunam@admin.ch,xY2`O8n'8esyG)J,2023-06-13 07:34:40,2023-11-29 15:15:46
24,ebowkettn,gstrongitharmn@businesswire.com,lC8CVr.F0O+8,2023-10-15 05:23:21,2023-11-21 10:53:43
25,lsumblero,aspinckso@google.es,"dJ0""GTZmk",2024-01-25 23:11:39,2024-02-04 10:44:46
26,amelburyp,jcastagnep@51.la,"cI5F.2suHxJOG,H",2023-08-17 06:20:12,2023-10-05 13:10:46
27,gscoginq,adandoq@pcworld.com,dL0+rrf%5.O>Hk%A,2023-07-16 09:29:53,2023-12-21 16:56:04
28,ntraytonr,wmccurrier@omniture.com,jU1W9f%et)U5LV,2023-11-16 07:04:47,2024-02-09 16:49:35
29,ccoves,istellins@wikia.com,"uU5rY,mdRpf",2023-08-05 19:32:45,2023-07-25 15:44:39
30,vblasingt,mclerkt@sciencedirect.com,"gZ8k""?wVQ3R!H\c",2023-06-25 00:45:50,2023-06-06 23:11:38
31,lstollbergeru,pespadau@soup.io,bV64xC0aneU/,2023-09-28 19:17:02,2024-05-12 08:05:08
32,cthreaderv,dstirlingv@pagesperso-orange.fr,tW6{AE\ry(DQwx,2023-09-30 15:38:24,2024-02-15 21:53:17
33,mgiovannelliw,bjinksw@weather.com,sQ8>3&S7tpcA(x$,2023-12-15 13:34:25,2023-12-13 21:39:50
34,gcarlonex,jfossordx@marketwatch.com,eH0)5'$X,2024-03-05 11:32:32,2023-09-26 18:46:34
35,kmaassy,lpontony@ca.gov,iF4s6wZG,2023-10-04 06:03:35,2023-12-21 11:55:55
36,kwerrilowz,ecristoforz@imgur.com,aX7@Ik+sf1&,2023-09-29 09:27:47,2023-11-09 07:09:24
37,kricardou10,jfarrer10@ning.com,zB8@KI=.2!&F,2024-04-15 17:40:16,2023-07-15 22:21:33
38,jhartless11,spegrum11@xrea.com,wZ0'UcpR*b7WW,2023-10-21 08:41:26,2023-08-20 20:31:40
39,eleisman12,dloiterton12@forbes.com,eY3xOW$xTui*S}/,2023-05-25 14:32:24,2023-07-09 17:13:42
40,knorridge13,tyurshev13@google.ca,aH2(xnL@,2024-03-04 14:14:11,2023-06-17 21:00:41
41,hlulham14,bblouet14@scribd.com,sS1ByTEAp,2024-04-10 03:32:18,2023-06-26 15:54:20
42,ghelstrip15,rdye15@go.com,sM2L8sDrx0,2023-06-13 21:24:58,2023-07-25 17:15:29
43,mwaterhous16,gcaverhill16@liveinternet.ru,mS0ui!<e%,2023-09-12 11:44:41,2023-10-30 18:56:08
44,crisbie17,fcausier17@hhs.gov,aJ9&)43J_,2023-09-20 01:20:35,2023-09-28 23:27:41
45,mpetschel18,adupre18@reference.com,dX1+ODV8vR!!3_w4,2023-09-25 03:16:29,2023-06-01 01:50:29
46,kpietruszka19,bbeveredge19@homestead.com,kO5%w<PhPrln*t,2023-05-22 10:14:21,2024-02-17 12:44:21
47,bduggon1a,caleksic1a@pcworld.com,kL1=EB>QN,2023-09-18 18:06:07,2023-09-17 23:53:56
48,bduffitt1b,pshenton1b@simplemachines.org,"lM8y#*""w{3kmd",2023-06-08 14:32:34,2023-07-12 22:18:30
49,wgadney1c,ajodlowski1c@nytimes.com,"jN1,(r3'FP=S_qZ'",2023-12-18 10:30:17,2023-10-13 08:37:22
50,jbrawn1d,soels1d@about.com,"tR8B$dTz+#ZgC2""",2023-07-02 08:00:50,2023-08-03 02:43:15
51,gtrulock1e,mcapineer1e@alibaba.com,zD7K8+.pA>>,2023-06-04 01:32:58,2023-06-04 11:36:18
52,bweiser1f,iborsnall1f@ucoz.ru,"rD9""'WSp",2023-06-17 08:08:12,2023-12-16 15:52:08
53,bharford1g,ssabattier1g@mtv.com,lB8NC&FT5,2024-03-31 19:00:58,2023-10-15 10:12:04
54,tmuckloe1h,afaill1h@google.com.br,dI5C#l'RcRScF,2024-04-22 23:58:51,2024-01-18 08:36:48
55,pconstable1i,jsingleton1i@virginia.edu,eL4SLB{2ag%<,2023-10-09 23:36:56,2024-03-11 19:27:28
56,dganiford1j,bnewey1j@uiuc.edu,mD15vzUz=i)1pA*w,2023-08-30 08:04:02,2024-03-04 21:58:56
57,wmacsporran1k,smcgennis1k@github.com,sG5efRgb4R#qiH,2024-02-26 09:08:04,2024-03-20 14:14:44
58,hmakiver1l,nnairn1l@dagondesign.com,"jA2ELlMj0,q|M\",2023-12-02 03:22:31,2023-09-25 03:52:23
59,tweyland1m,dmccole1m@xrea.com,tV4&E3K\LP,2024-02-02 06:56:22,2024-04-28 05:32:48
60,jbottomley1n,irout1n@ovh.net,zV5<DQDZNn,2023-06-10 10:45:50,2023-09-17 15:43:33
61,cpottle1o,sbirchner1o@google.com,pO3q{)?zN',2024-05-06 12:39:40,2023-08-07 15:45:38
62,jbarson1p,bdesimoni1p@epa.gov,aA9gvPT(1{5bj6,2023-09-09 11:43:06,2024-04-20 00:43:56
63,nblackley1q,lmcauley1q@cargocollective.com,zQ3b>d+d2Z&HX,2024-05-16 12:37:49,2023-06-23 14:00:16
64,crisbridger1r,lketteman1r@newyorker.com,"qY1UR6{<,6",2024-05-15 23:19:59,2023-12-19 03:01:06
65,dhoneywood1s,pburberye1s@mac.com,dW3@_|e35mXO,2024-02-28 03:22:28,2024-02-03 04:40:37
66,asuttell1t,tdagon1t@mayoclinic.com,uH6Ftg47@UTW,2023-12-09 03:32:49,2023-08-16 07:05:58
67,ngipp1u,rdowears1u@imdb.com,bC8CZVRUx0XeA,2023-10-13 00:24:32,2024-02-02 16:42:07
68,ebenck1v,jboutellier1v@mozilla.org,qG98Tv#&`8}<,2023-08-09 11:45:52,2024-02-25 10:25:06
69,msangwin1w,nsanz1w@latimes.com,aJ4MwEjT*#,2023-11-07 22:41:36,2024-03-28 04:58:27
70,epeaseman1x,rbartholat1x@psu.edu,eT59n3VTsp,2024-01-22 01:35:44,2023-12-09 16:21:27
71,fgiannazzo1y,nbrierton1y@infoseek.co.jp,yT3\1/b#GYl0,2024-01-02 04:48:53,2023-07-23 22:16:52
72,jaronin1z,mbrotherton1z@chronoengine.com,jF4k`VM5,2024-05-18 20:09:16,2024-01-10 23:28:49
73,dfarries20,ckarlowicz20@mozilla.com,lV0qJT*I.G4CH#,2024-05-17 03:13:01,2024-05-20 16:00:34
74,garnoud21,rneathway21@tumblr.com,oB71pI8<Fh8z,2023-08-26 22:16:14,2023-11-09 20:45:57
75,lhowells22,yduncan22@deviantart.com,vN96F15N,2024-04-17 09:06:18,2024-03-11 17:46:40
76,cziehm23,ekingsnoad23@jugem.jp,eM9Z.@ToQMeK,2023-11-25 19:18:02,2023-06-05 23:35:22
77,ccounter24,bdury24@about.com,bJ3++~%Nr&,2023-10-13 17:55:59,2024-03-19 17:47:24
78,aedwinson25,dapplewhaite25@google.com.hk,mS6peix/,2023-12-26 14:05:32,2023-09-18 13:54:59
79,csallings26,agudyer26@gizmodo.com,"fL85jZ}B*//h,",2024-04-27 11:00:31,2024-04-21 09:00:39
80,ccollete27,ejenny27@t.co,kH54Bma1o3,2023-07-16 08:56:58,2023-11-06 18:28:30
81,sverryan28,gmcelvine28@imgur.com,"jR5/b@,SRr",2023-12-26 07:50:19,2023-08-18 23:58:33
82,lhutchinson29,jgrishanin29@discovery.com,mH9SiNmHphYJ,2023-10-03 11:17:42,2024-04-25 14:21:09
83,amethingam2a,nclampe2a@acquirethisname.com,dE3>ADW!OHygh,2023-08-12 04:35:15,2024-02-18 13:13:56
84,jweighell2b,apoker2b@reverbnation.com,kN5LY9}e,2023-06-22 12:21:04,2024-02-20 02:48:38
85,asimione2c,tmcgaugie2c@discuz.net,lQ6UuVPuV_$O,2023-09-07 03:14:22,2024-02-23 20:29:02
86,sessery2d,gfinch2d@weather.com,"xD7I0'j""BHtQkQ9",2024-04-07 11:19:14,2023-05-30 22:30:20
87,slowden2e,kcranna2e@unicef.org,eL5N+$llDh&yu{,2023-07-29 16:04:25,2024-02-27 14:03:33
88,jyglesias2f,bkiefer2f@qq.com,jY7+pCzQ~,2023-07-10 01:38:07,2024-01-23 11:00:41
89,bblamire2g,agrimmer2g@rambler.ru,fV3Z'LS8'Fwx3,2023-05-29 20:22:54,2023-10-25 20:04:39
90,wsloss2h,lriha2h@bandcamp.com,uW8\?YOe0zRSe?U,2024-01-13 18:26:24,2024-05-09 20:53:35
91,mhouseley2i,cszymoni2i@homestead.com,kJ2)9*<*$,2023-10-25 12:13:08,2023-10-03 19:12:28
92,jreeks2j,spreator2j@jimdo.com,fX4DPn>wln#+a,2024-01-13 17:21:29,2024-01-11 05:44:05
93,sdunning2k,hyggo2k@dailymotion.com,iH1qH@fW'r7l!8,2024-05-18 18:38:27,2023-12-02 20:16:09
94,sarkwright2l,lberic2l@usda.gov,"iV6My""S5",2023-11-19 19:00:42,2023-12-21 09:08:05
95,hkarpol2m,wblaszczyk2m@about.me,vU2G0h6gnG/At,2024-02-20 18:42:28,2023-10-05 04:33:18
96,hbetz2n,yemerson2n@google.com,qE5Whk'9Ow,2024-04-21 02:05:19,2024-03-09 22:27:13
97,fblundan2o,zleather2o@people.com.cn,"cH9N)F""ZDx_K",2023-10-10 11:07:09,2023-08-11 13:08:41
98,ppassby2p,tweakley2p@columbia.edu,wE0BRF}sq6,2024-01-30 02:31:42,2023-07-14 10:14:51
99,ecumbridge2q,nolivi2q@list-manage.com,mJ6G='6M,2024-02-21 13:17:13,2023-08-06 18:10:53
100,jmcglone2r,rsollam2r@tuttocitta.it,xP3N93&2@=(Wx,2023-09-18 13:47:18,2023-11-25 00:51:39
101,tjanway2s,mgreengrass2s@ovh.net,vF1sMPbIoz*<!41,2023-06-13 02:36:38,2023-07-16 07:31:14
102,clathbury2t,ftomala2t@artisteer.com,"rG83f(LGjN,3#",2024-03-24 10:44:19,2024-03-24 08:38:09
103,jthormann2u,odunne2u@nifty.com,"sO8""`M5UGMEf",2023-12-19 05:18:14,2023-11-25 12:14:22
104,emoreland2v,mpilmore2v@sciencedirect.com,gT4(XeI10|`N,2023-12-12 03:15:32,2024-02-12 12:36:53
105,smercik2w,gnissle2w@bandcamp.com,zG0e92&Nzvp*BRRS,2024-03-22 08:44:44,2023-07-09 11:34:12
106,cpulhoster2x,tmckeever2x@addtoany.com,aT7$Ob7`/UaYkoRc,2024-01-06 21:34:32,2024-02-03 23:00:59
107,rplak2y,ifoulcher2y@elpais.com,nH6!bVUKk2ekvqq,2024-05-07 06:42:25,2024-04-11 15:54:42
108,rduckitt2z,amcgillacoell2z@facebook.com,cX8>@D|QF?,2023-10-18 00:16:27,2023-10-25 10:23:55
109,gweatherell30,dodoghesty30@github.io,uE30!)JG6N,2024-04-29 21:21:15,2024-02-25 02:28:46
110,mketcher31,mensor31@nasa.gov,aM7xjhENq8JnelW,2023-10-05 16:55:47,2023-09-09 00:32:37
111,metridge32,qstledger32@about.me,cU3Ge0{R~.k,2023-09-25 01:55:17,2023-09-28 12:38:03
112,ecassidy33,mdunster33@hibu.com,dT2vhif44RK>.\l,2023-07-09 13:20:16,2024-03-12 17:08:42
113,lbrimming34,fconfort34@tumblr.com,kD6U63GY'lq)m,2023-05-21 08:32:26,2023-09-27 18:07:57
114,htume35,bsiemianowicz35@miibeian.gov.cn,cY9QElZx)m/\L?,2023-11-24 02:37:31,2023-08-03 23:42:37
115,mspellman36,ctampion36@independent.co.uk,uZ4u4sVz>V6,2024-05-12 12:25:53,2024-01-04 03:32:38
116,rcobden37,rclancy37@seattletimes.com,kS7!fJNHH`n7|@,2024-04-19 17:49:51,2023-09-02 13:04:03
117,acarbert38,pkitchin38@weibo.com,qI7VEJ>32X,2023-06-16 21:18:52,2023-06-28 07:05:32
118,gmckeeman39,aketchaside39@vkontakte.ru,"tJ1Qlaw%>)GV6""6",2023-06-12 18:56:57,2024-02-04 20:00:35
119,mmeehan3a,hnisard3a@mozilla.org,"lS3{uq,V0#AnPvTn",2024-03-04 01:07:54,2023-10-23 14:53:09
120,ddunthorne3b,wgoede3b@bravesites.com,pQ6KyXX4cq`p\r,2023-06-30 08:51:12,2024-03-02 03:59:44
121,rsharplin3c,llockhurst3c@spiegel.de,cH0!Pzwa#.),2023-06-26 11:56:15,2023-07-23 23:40:48
122,bstapylton3d,rmeijer3d@mysql.com,jS5DNg<O,2023-10-09 23:00:47,2024-02-18 21:46:07
123,estickney3e,shulatt3e@statcounter.com,kH5~rGqzA,2024-02-13 13:44:47,2023-09-01 21:18:45
124,klindman3f,tduchan3f@epa.gov,wI1>5HP!fCr@T.sU,2024-04-05 18:34:58,2023-12-17 14:17:15
125,cdoughty3g,ldesquesnes3g@google.it,"eE1T,,iY",2024-01-08 14:34:37,2023-12-28 02:06:56
126,jlympany3h,gbickardike3h@usgs.gov,hC5DJc9n,2024-02-12 03:18:28,2023-11-11 07:52:44
127,hhoudmont3i,bpinare3i@yandex.ru,nF2sqFf`,2023-08-14 22:48:55,2023-12-09 04:06:54
128,dhundy3j,ahutson3j@seattletimes.com,vI2R$oOoO,2023-11-17 02:25:46,2024-04-09 22:13:37
129,dknowlys3k,amarczyk3k@techcrunch.com,aU1tR${`cC(DTM)/,2023-06-28 16:56:56,2024-04-20 01:42:23
130,lsolly3l,qwalewicz3l@altervista.org,nN9*~h?Z8yMV,2023-07-08 05:26:57,2023-06-30 03:47:50
131,ntonnesen3m,tsearchfield3m@zimbio.com,"zZ2AYvN,_1",2023-07-15 04:43:26,2023-10-13 09:11:00
132,lbradnocke3n,akelshaw3n@biblegateway.com,bU5+x/A8m0\K|gh,2024-02-20 02:14:34,2023-12-20 13:08:00
133,fscatcher3o,bpappin3o@ow.ly,rI6+$8D{bq+D?R,2024-03-22 08:55:34,2023-10-08 10:25:33
134,jhabgood3p,sslay3p@google.com.au,jD8Hy>!/p,2023-12-27 01:13:16,2023-11-18 00:17:06
135,vcamis3q,bculverhouse3q@blogspot.com,zM1U==0V?Bh%5})$,2024-04-13 13:30:18,2023-12-24 19:43:32
136,hmuschette3r,tpadillo3r@hexun.com,vG9P#I>O8Sygd,2023-11-08 13:10:52,2023-12-19 00:48:38
137,mtinniswood3s,cstannas3s@ezinearticles.com,sP29$72N<hNjf,2024-01-16 12:50:23,2023-10-11 16:18:03
138,tduffield3t,csutehall3t@cmu.edu,iA1eb}.apJ},2024-04-11 19:38:13,2023-09-28 18:34:15
139,sborsi3u,bingall3u@liveinternet.ru,"lQ7~}JMK""/D",2023-11-15 18:11:54,2023-12-02 05:19:47
140,escranny3v,vhollyland3v@360.cn,pR8*BvPXDROwBqM,2024-03-25 00:47:58,2023-07-25 08:11:06
141,oeyckelberg3w,rvedyashkin3w@cornell.edu,gU9TSzYOY'X*dQ,2023-07-31 19:13:43,2024-01-23 23:45:51
142,ckondrat3x,ajoules3x@unicef.org,hZ9Dnoe.EvK>L,2024-02-13 07:14:02,2023-05-24 20:08:40
143,achallenor3y,esutherby3y@rediff.com,qA4Krf5JfS_,2023-11-04 21:08:55,2024-02-16 16:55:23
144,zbreeds3z,mjoust3z@economist.com,vL4*5bNY4,2023-07-01 03:05:18,2023-06-19 21:27:35
145,mharraway40,scockshtt40@ft.com,gF8(ndf7F1!Y.E,2023-08-29 13:44:15,2023-06-16 17:51:24
146,mbernardotti41,gcotsford41@fc2.com,"rM7/}m,dDSktA",2023-08-13 00:07:28,2024-04-20 12:53:14
147,kbrierly42,hcozins42@devhub.com,tD9!U4x9,2023-11-24 07:41:34,2024-01-26 17:05:26
148,lmustin43,msommerlie43@gravatar.com,aV3q'Si%tKus,2024-02-22 11:21:51,2024-02-24 15:14:51
149,mvolet44,afowkes44@wiley.com,rP2fPI0Bm?b'(,2023-06-29 00:31:13,2023-07-05 13:05:13
150,ncleever45,gphythian45@cbc.ca,oB5Z/FTd8@QJ,2023-08-06 07:03:01,2023-08-27 13:56:41
151,ldoe46,lwhybray46@ow.ly,dW2lbZablDS\,2023-06-12 04:31:24,2023-06-22 15:22:49
152,vmewes47,tmainz47@dailymotion.com,zJ6ylPlSTK+,2024-01-07 12:00:26,2023-11-28 15:46:16
153,djarry48,hhowling48@artisteer.com,sL49!='ss{AyFr,2023-08-16 05:20:48,2023-09-06 04:34:02
154,ffinlaison49,gitscowics49@time.com,zC9UPYl%&U%U,2024-04-25 21:07:01,2023-06-02 21:04:59
155,spietersma4a,jthunderman4a@jigsy.com,uN9|7YT_,2023-10-16 23:50:09,2024-05-03 14:16:23
156,ccolmore4b,jcammack4b@parallels.com,iH6FS_{GON,2024-01-22 14:48:48,2023-08-27 20:16:16
157,gheinz4c,bburberow4c@ca.gov,pH5'%dnl/%Ma!7Wg,2024-05-14 04:15:33,2024-01-13 05:58:36
158,gcorradeschi4d,tdesesquelle4d@ftc.gov,uD4bRC#x21z7r,2024-05-17 01:58:55,2023-07-02 11:58:38
159,mputterill4e,mwilcot4e@utexas.edu,nM2F*JnV@,2023-12-26 10:41:51,2023-06-12 17:32:31
160,abaignard4f,gduckerin4f@ihg.com,jI1{huV}A,2024-01-15 23:39:06,2024-03-31 02:21:49
161,bsuche4g,sdouce4g@hibu.com,hJ3L'XmO?HS&3,2023-06-14 21:39:33,2023-10-11 19:39:35
162,mcreamer4h,mschiefersten4h@51.la,hQ1eBfj9P%p,2024-05-14 22:03:37,2023-09-21 12:02:04
163,dtittershill4i,ldarnbrook4i@t.co,lU3LI{n\VQx=5,2024-02-24 01:52:29,2023-11-05 21:00:15
164,hwhyman4j,callbut4j@oracle.com,yZ5.Y`9{,2023-06-27 05:23:46,2024-03-31 13:28:15
165,isabin4k,mnicholas4k@imageshack.us,lS5$m+=I,2023-08-02 17:43:05,2024-01-31 22:58:55
166,bfreezer4l,locklin4l@cnn.com,oZ9XH~o/N%}?2iz.,2023-10-09 15:24:28,2024-05-03 13:55:24
167,lkunkel4m,apretor4m@discovery.com,aT44/9==pg{Q*,2023-07-02 18:24:59,2024-03-08 06:46:10
168,mdugmore4n,mvizor4n@barnesandnoble.com,kV6dh>+F9,2023-08-21 19:27:00,2024-03-05 14:04:36
169,lcaraher4o,nedmett4o@posterous.com,"fK2,6my.lEpx3",2024-03-21 21:36:32,2024-03-02 07:07:40
170,fscranedge4p,rbice4p@nps.gov,eH3wX`Bu2giQa,2024-04-20 06:01:28,2023-06-02 16:45:32
171,rcasbourne4q,gorrobin4q@cisco.com,gG7xj&NKC3c',2023-11-01 07:32:19,2024-02-22 22:34:56
172,dhanscom4r,bgergler4r@smugmug.com,cF7Ftj15u`T\D,2024-03-14 05:00:13,2023-08-07 22:57:18
173,talbrooke4s,fkimblin4s@qq.com,cT67qs8+=wlC,2024-04-20 16:07:23,2023-10-05 15:09:09
174,wcowdrey4t,svayro4t@samsung.com,jB8JDbDXW7B3FF,2023-11-28 03:31:30,2023-10-03 11:27:11
175,kdowsing4u,kgrattan4u@ustream.tv,iW2z&suA%W+n,2024-03-04 23:33:03,2023-06-23 07:36:13
176,cohederscoll4v,bredihalgh4v@spotify.com,hW0eb65a5LH24,2023-07-26 22:45:58,2024-01-21 22:34:14
177,cjaycock4w,nlewsley4w@cmu.edu,qY2/?Z9m,2023-06-15 09:48:50,2023-11-03 02:54:46
178,cjurczak4x,tcausier4x@telegraph.co.uk,yX8S1gQ9og.|k4j,2023-08-23 15:44:24,2024-04-12 04:23:32
179,eglanz4y,bkermode4y@blogspot.com,kM0cF`b4GY,2023-07-22 02:23:17,2023-10-13 15:43:38
180,ideek4z,nbaitman4z@unicef.org,"yS5""N_z#X",2024-03-25 21:44:58,2024-05-17 07:44:18
181,erowlinson50,dlonghurst50@theatlantic.com,wS9qrc@_M5%,2024-05-11 05:14:16,2023-09-16 21:37:39
182,dfibbit51,cfroschauer51@seesaa.net,oT9uS(lCPEtJ'/sx,2023-09-07 19:34:43,2023-11-16 10:22:45
183,ktreadgall52,learsman52@macromedia.com,"hL37qe""fA9XY",2024-02-04 04:00:15,2023-08-31 09:48:37
184,msimenel53,aruff53@bloomberg.com,uG2'!H|Mh\s~Uv',2023-10-07 10:59:47,2023-09-14 11:57:08
185,bferenc54,peversley54@liveinternet.ru,iU8(tk9R'0XAITFP,2023-11-19 17:36:37,2023-09-26 06:36:21
186,ooloinn55,nraithmill55@gizmodo.com,yO8xA<@Gn.,2024-01-07 21:45:10,2023-09-19 15:47:40
187,ashury56,rdurdle56@umn.edu,dX5z'k~D,2024-03-31 11:21:32,2023-06-06 09:33:49
188,eianinotti57,cabramovic57@mapquest.com,iP1Y3SE/GQpPl}7I,2024-04-30 10:45:24,2023-08-18 20:40:07
189,cdebeauchamp58,echessor58@mozilla.com,bQ6H3ag)(OM&,2023-09-21 17:55:48,2023-10-14 01:45:10
190,bfloch59,zangrave59@cmu.edu,yF9U/{*JG4,2024-02-18 10:11:30,2023-10-23 15:48:28
191,rstennet5a,mrustadge5a@mtv.com,hS2KeHty`ZtW<,2024-01-24 02:57:48,2024-05-16 11:03:08
192,gashling5b,efattorini5b@wisc.edu,gA0S*A>YZH.Mu,2024-05-01 17:27:22,2023-10-28 23:16:21
193,hurch5c,rsellors5c@hp.com,vS1$1m|7d,2024-05-20 22:40:06,2024-04-02 04:33:21
194,gmarlon5d,rswaisland5d@technorati.com,"uX3j35)6<?d,fJAB",2023-10-26 13:50:46,2023-12-10 14:02:57
195,rvanyashkin5e,bhutchinson5e@blogger.com,zE5?I=b~l#X&fNF,2023-09-06 06:48:57,2024-02-13 12:37:03
196,amix5f,lbenedetti5f@de.vu,aK2U6T6XbA,2023-12-12 02:06:44,2024-01-07 18:02:16
197,bvoce5g,dwink5g@utexas.edu,"bB5Bl'2daRd8UJ,o",2024-02-26 01:38:30,2023-12-30 09:01:35
198,fwerlock5h,rmacdirmid5h@networkadvertising.org,"xD2,mxW(G",2023-08-20 03:12:05,2024-03-27 16:42:04
199,fnaulty5i,afawthrop5i@t-online.de,jF1SOFU>mYn~mJB<,2024-05-10 13:30:26,2023-05-30 16:53:51
200,fshrimpton5j,ksivyour5j@cbc.ca,pV8qui{w,2023-06-16 06:08:53,2023-07-01 05:45:10
201,palexsandrovich5k,jsimnor5k@nasa.gov,vV0&x2f?v&}mJ}&,2024-03-14 22:22:02,2024-05-10 21:47:30
202,shatfull5l,kslark5l@google.co.jp,lM6wh2m)rZF/\,2023-06-17 02:26:46,2024-04-03 23:55:26
203,lmcgiven5m,vprimarolo5m@umn.edu,xM1RBBRkEyRA5#,2024-05-16 20:45:15,2024-05-19 20:01:04
204,evedyasov5n,cwinstone5n@lycos.com,gW7|7ue6!\GREJ,2024-02-22 19:59:15,2024-04-12 16:26:03
205,jbrazel5o,vwalczak5o@shinystat.com,"wJ7Vh""(P4puD+?",2023-05-23 03:04:31,2023-12-07 08:10:19
206,sesmead5p,obiasioli5p@blog.com,aI9Op*EH3s',2023-06-19 14:15:15,2024-01-02 20:31:16
207,sbibbie5q,ptwelve5q@arstechnica.com,wG3~y2`1DA0(xS,2024-01-20 08:12:37,2023-09-12 12:14:18
208,pkubes5r,ckeaveney5r@tripadvisor.com,zB9+Vuj8,2024-01-10 02:39:25,2023-08-11 01:21:35
209,kroscrigg5s,mparmer5s@aboutads.info,hL3M}<8U7rw6{t|,2023-06-04 06:10:47,2024-04-25 03:54:05
210,csicily5t,jfleischmann5t@economist.com,tY5L{)M},2023-08-26 01:53:47,2023-07-08 14:26:10
211,lshilburne5u,ccaulton5u@blogtalkradio.com,xM6)9N)0/f,2023-09-22 12:21:32,2023-06-22 17:41:08
212,eregis5v,mparcell5v@tmall.com,aD5D/H=aI/R)?mW,2024-02-27 22:36:28,2023-12-15 13:49:42
213,gdarlow5w,dnassi5w@topsy.com,"iM2OKxk,b?pch",2024-02-20 14:57:10,2023-06-22 11:02:35
214,gpayle5x,pmarkson5x@webs.com,iO7&(Xv{`,2024-01-27 08:13:53,2024-03-24 21:24:53
215,hstuddal5y,jpennetta5y@globo.com,nD3K@Bl#qy,2024-04-10 10:20:25,2023-09-05 18:56:22
216,drowen5z,cdavidovici5z@domainmarket.com,cM7#'lY+WR\,2024-01-15 08:25:23,2023-08-05 10:51:16
217,fgreensitt60,kcosstick60@jiathis.com,oP2*x{mI9%Ref0&,2024-01-15 04:28:58,2023-08-13 04:01:13
218,tilott61,efudger61@surveymonkey.com,jP4RDH#!\WxP5Eb*,2023-10-22 20:27:23,2024-01-17 05:56:05
219,cdigweed62,ehargreave62@flickr.com,"kD1FW\CI!rG,z",2023-11-25 13:40:35,2023-06-06 22:05:37
220,pclair63,rsummerlad63@goodreads.com,sI4ag<T@hn,2023-12-16 08:11:00,2023-12-14 17:31:00
221,dkeneford64,rroke64@techcrunch.com,tC3H8+RP\Tz,2023-12-25 08:36:47,2024-01-09 17:08:24
222,elangland65,hwoolacott65@cnn.com,zZ4@a/Q!,2023-06-18 15:16:05,2023-09-18 01:36:40
223,lgrogan66,lhalwell66@wired.com,"bZ4,a/J/",2024-02-27 06:21:55,2024-01-01 10:19:04
224,abohan67,zfones67@youku.com,xM80wRj3MtiWo,2024-03-01 23:00:31,2024-03-05 06:44:38
225,ahawkins68,lgeill68@pinterest.com,"cS2/!>%\Lc,",2023-06-19 06:06:48,2023-12-09 20:15:10
226,apulford69,gjerrand69@blog.com,aX1gXG58}$\00'9p,2023-08-15 03:17:16,2023-06-20 22:30:36
227,nfrusher6a,krepper6a@vinaora.com,dL0%E6<eS,2023-10-16 16:00:09,2024-02-15 13:33:01
228,bsmitherman6b,jshorbrook6b@nih.gov,jN8@=l<f(kOi\50,2023-10-05 01:06:46,2024-04-08 00:42:01
229,nberrie6c,breyson6c@vk.com,dI9`EXkCU+7L&s,2023-12-10 10:00:15,2023-07-07 17:46:24
230,wfarren6d,cgoodyer6d@ucla.edu,vQ1#X%8I`O4}\sZ,2024-02-14 07:28:26,2024-04-13 10:43:45
231,lmoulsdall6e,cmeltetal6e@google.com,fC78BfIKu1v+.,2023-11-07 08:59:11,2023-05-27 06:57:42
232,ibayliss6f,reinchcombe6f@over-blog.com,"uC8("".l!1>w<oEa",2023-11-26 20:34:30,2023-07-24 06:24:46
233,lvoff6g,tkinnach6g@chronoengine.com,vI6tODoDDA_jloH,2023-07-02 15:50:49,2023-12-09 07:30:51
234,admtrovic6h,rbricknell6h@alexa.com,qJ9'r@$f,2024-01-23 11:38:23,2023-11-03 22:39:26
235,lfeeny6i,wshirer6i@soup.io,fD0PZ`{8b53,2024-02-13 13:56:04,2024-01-13 05:12:47
236,haumerle6j,rlyngsted6j@ed.gov,"hZ4KQ,|i*H2|xe>*",2023-10-21 09:58:42,2023-12-05 02:06:33
237,hsteffan6k,jgibbe6k@smugmug.com,zB8Pf_qH,2023-10-19 06:59:07,2023-07-05 09:07:05
238,posuaird6l,tharrod6l@1und1.de,qR7|Lh'7MRcltC1y,2024-01-23 05:10:16,2024-03-13 12:22:20
239,gstickles6m,nivankovic6m@google.es,"nM6r*LFusS!~D?,",2023-08-04 14:35:39,2023-07-15 00:25:21
240,llinck6n,cdring6n@illinois.edu,"xD9qb`""YF@",2024-03-10 05:16:33,2023-11-22 05:20:02
241,opigford6o,brestall6o@pen.io,bC9~Ac5\+a,2024-05-10 12:30:54,2024-02-09 03:08:30
242,aoveral6p,vpenritt6p@redcross.org,eU0YGH`f\s\)$,2023-06-30 02:55:17,2024-03-27 00:16:55
243,lhawkins6q,gphlippi6q@upenn.edu,aT0pC0}=,2023-07-04 17:01:53,2024-01-22 07:55:38
244,jtwinborough6r,jwrittle6r@unicef.org,eT2$dHR'skY,2023-09-04 18:54:09,2023-08-19 08:59:01
245,tlarkkem6s,hchristie6s@dedecms.com,qI2~.)CI&Lt,2023-12-09 15:57:32,2023-11-11 01:22:31
246,fbadman6t,gasbrey6t@guardian.co.uk,kG49V8!(8!0(N,2023-07-13 12:23:59,2024-04-18 03:13:38
247,wcescoti6u,dmcnelis6u@live.com,"lK5Ggj,<h'Z~|fp",2023-10-02 20:23:07,2024-03-03 03:51:55
248,gmertgen6v,pconey6v@barnesandnoble.com,qC0b?|8A,2024-04-29 04:44:51,2023-08-31 02:34:04
249,mwarkup6w,tsurgeon6w@umich.edu,sM8v5p+%\/GXB0_),2023-07-24 22:49:19,2024-03-03 08:32:02
250,cmaton6x,sordemann6x@craigslist.org,xA1Lgv$/7q?6,2023-10-22 16:12:48,2023-09-25 06:32:43
251,lsemper6y,rhatterslay6y@gov.uk,hT4exLhY,2023-07-20 03:28:59,2023-12-31 06:45:20
252,cdaysh6z,vgillham6z@photobucket.com,aZ2Cr?)sg,2023-09-05 15:12:18,2023-09-23 15:09:00
253,ajiggens70,hsmee70@tuttocitta.it,"kM7,qk7Y1",2024-04-19 02:05:15,2023-09-04 07:35:27
254,nlyford71,jotton71@360.cn,oU3M1\dhI3T,2023-06-05 19:24:55,2023-10-07 19:49:30
255,wcapponer72,svandervlies72@topsy.com,tB86m!1L,2023-11-09 00:33:49,2023-10-03 15:03:12
256,gspurret73,cantonsson73@ibm.com,eD7Z97XC4l,2024-03-14 06:08:37,2023-10-01 01:57:56
257,aretchford74,kariss74@1688.com,kS18g~rJzgNdzdU,2024-02-10 15:35:01,2023-07-14 01:19:53
258,rfaltin75,bpedycan75@cbsnews.com,"mQ8Nb""W|<",2023-06-11 13:32:19,2023-12-05 12:05:30
259,kcorneck76,ehumblestone76@123-reg.co.uk,wA93Dmq!@|}A9aq,2024-04-26 13:02:20,2024-04-13 00:52:05
260,bpetrie77,bgoodee77@w3.org,eL4RUwwE,2023-09-17 12:07:58,2023-09-30 01:30:19
261,ctrayes78,vtaylerson78@google.es,lN2K.a{`8t,2023-11-08 06:33:08,2023-10-09 20:41:43
262,clitchfield79,mchaters79@jalbum.net,"oH9Hp<E~#,@>#J",2023-10-29 09:11:29,2024-03-03 17:12:06
263,ffeatherstonhaugh7a,ganeley7a@uiuc.edu,rW5bQN1/)H|OR3,2023-07-28 18:49:59,2023-07-21 16:59:24
264,cseel7b,lmewrcik7b@virginia.edu,"bM4I\@""""v",2023-10-09 23:23:23,2023-11-01 10:08:10
265,rbelliard7c,fyegorkov7c@liveinternet.ru,vQ6ArTBQV,2024-05-14 19:03:44,2023-06-18 21:15:30
266,gburkinshaw7d,rstanman7d@hubpages.com,zR3lthp+>C/I32zW,2023-08-02 19:17:24,2023-10-05 14:44:35
267,svasyagin7e,hcurrie7e@com.com,fG9@c4}msik,2023-12-21 21:17:14,2024-02-27 14:39:08
268,dshorthill7f,llarrington7f@bigcartel.com,nG5JXRM}Ef,2023-09-12 09:36:43,2023-05-23 09:27:19
269,ladess7g,mhurdiss7g@tripod.com,tL4@jJg#ZG,2024-05-19 18:50:47,2023-12-25 20:32:18
270,escarlan7h,ceadmead7h@oracle.com,aV6IPi@'@WF,2023-12-31 19:43:23,2023-09-30 10:45:29
271,rtosney7i,ugrasser7i@miibeian.gov.cn,xB79(JXfvD2O,2023-05-28 09:01:37,2024-04-10 18:13:58
272,bbramham7j,lcroshaw7j@youtu.be,lI73b%HuD,2023-07-01 19:02:25,2023-07-06 08:46:07
273,escough7k,mspurret7k@omniture.com,sX0+K{f*&w9,2023-11-11 16:48:15,2023-11-30 05:56:57
274,srushsorth7l,aetteridge7l@netlog.com,xH6P2`WB<Q=\Z#,2023-06-05 18:42:53,2023-05-29 02:27:29
275,mmacpadene7m,apovele7m@blogspot.com,kN5iF~@Ju%HrN+,2024-01-07 23:12:53,2023-06-12 17:44:50
276,hparcells7n,rcampanelli7n@cocolog-nifty.com,"pW4p,i""QNJV",2024-04-07 01:38:34,2023-09-28 00:06:43
277,efeasby7o,reskriet7o@altervista.org,nS0Kj_+64U=,2023-06-23 08:00:22,2023-07-07 18:08:17
278,mparrett7p,dharmes7p@shop-pro.jp,vP1DMyNIi7YfL{,2024-05-12 01:44:44,2023-06-03 12:25:58
279,dgipp7q,slumsdon7q@multiply.com,cH5?62|21n/8O,2023-05-21 08:23:26,2024-02-23 08:40:05
280,hbanker7r,marnet7r@sogou.com,tQ3}l|6?KJM}=Q,2024-05-03 15:20:10,2024-05-09 15:27:54
281,astandfield7s,khenden7s@virginia.edu,jI5TxB5GQ{fr$V),2023-07-10 09:28:48,2024-03-19 10:21:12
282,cquainton7t,abirdall7t@marriott.com,"uJ3%<\""~#q7",2023-08-12 13:08:53,2023-10-28 06:02:04
283,fpaynter7u,nmcclurg7u@merriam-webster.com,iC6/L_Te>H6,2023-12-08 00:31:13,2023-08-31 14:13:11
284,cblacket7v,gsappson7v@typepad.com,rK37{KW7y(,2023-10-07 07:44:10,2023-11-17 19:06:03
285,ovondrak7w,dnorton7w@cdbaby.com,"cG4A""Zo>W",2024-04-29 08:08:17,2023-06-09 20:43:30
286,jsalt7x,sdrife7x@unicef.org,zO2Y+}QtF,2024-03-07 09:30:18,2024-05-09 03:08:05
287,wmunslow7y,einnett7y@apple.com,eP3(vY|M?8zEN(,2023-08-11 15:46:32,2024-01-07 01:49:44
288,rdjurevic7z,rfarlamb7z@ameblo.jp,uR1wivr*=h_KoERJ,2024-03-18 06:49:15,2023-09-01 15:42:54
289,gbanisch80,aeltringham80@intel.com,zU4fy7m<(A,2023-06-17 13:53:49,2024-01-28 01:06:41
290,czimek81,aedmund81@cdc.gov,eR4gx7UsW|H,2024-03-01 18:35:57,2024-03-13 21:59:02
291,csedgemore82,mhalvorsen82@reddit.com,mY2%QqrF%,2023-10-13 23:14:53,2024-04-16 02:11:45
292,kbaggelley83,raujouanet83@livejournal.com,lZ2CXjEEd%!(Sf*,2023-08-04 14:53:06,2023-11-09 21:20:44
293,bbrayn84,delford84@examiner.com,"cT5$Hz,J7e&BI",2024-02-22 14:57:01,2024-04-06 00:53:15
294,plunam85,cbunyan85@sina.com.cn,mX5P_\Qae~RsR1,2023-10-09 00:50:08,2023-11-23 15:59:27
295,nfinlaison86,mandroletti86@noaa.gov,cX1A@FP_N',2024-05-15 14:06:57,2023-08-10 16:49:42
296,dpatzelt87,bnapoleon87@fastcompany.com,eQ5imZbGp,2023-09-03 21:41:13,2023-06-17 08:18:38
297,rbrammer88,fbutlin88@printfriendly.com,"rP5wiQT=Dj,~Da2",2023-12-13 23:55:51,2023-10-28 07:26:56
298,pfranklen89,scasellas89@woothemes.com,tO9u&z(=M,2023-07-27 23:07:35,2023-09-16 09:45:16
299,nworsell8a,hmaith8a@adobe.com,nE8R|((C/8l,2023-06-06 02:36:00,2023-07-21 01:46:19
300,wbewicke8b,ogremane8b@usda.gov,yC2c/@$Vg3&qhxOK,2023-09-15 14:16:15,2023-08-15 22:19:09
301,rpersehouse8c,bblades8c@goodreads.com,tR0rP.7P,2023-06-20 02:16:47,2023-07-11 16:48:53
302,lrykert8d,cfinnigan8d@soundcloud.com,vV8>IZ_#M`ws1p,2024-01-06 01:14:39,2023-06-23 13:24:55
303,bmorton8e,sdebernardi8e@blog.com,vF9f0_2P,2023-07-22 04:00:29,2023-05-26 20:08:04
304,slawrenz8f,mpavlishchev8f@geocities.com,pU6%msM9,2024-05-18 10:59:36,2024-01-06 14:12:10
305,gtilly8g,solwen8g@delicious.com,nP8GxcFnVM*_!)GH,2023-10-02 03:31:06,2024-03-13 21:06:01
306,gfidilis8h,tdane8h@npr.org,"sQ5(i""As~pRk8I",2024-03-05 19:52:32,2023-07-18 09:27:37
307,ccullinane8i,couchterlony8i@reverbnation.com,wI22xf6/yMpz,2024-02-02 10:17:42,2024-02-05 22:12:55
308,abowne8j,jtenney8j@imgur.com,"tN2Hp|YI(|,9",2024-01-29 04:47:58,2024-04-17 14:01:48
309,bjinkinson8k,kclooney8k@people.com.cn,jG0pPB2>,2023-11-13 07:54:59,2024-01-29 21:02:16
310,bcongram8l,ltrayford8l@businessweek.com,oV167xuaNHp,2023-08-29 00:36:55,2024-01-13 13:45:05
311,pdarker8m,mminthorpe8m@princeton.edu,hD2ebvb),2024-02-06 07:52:22,2023-06-15 13:54:33
312,felfes8n,verickssen8n@unesco.org,"jW0U/4ot=a=,",2023-05-22 23:56:24,2024-05-09 20:57:25
313,tmacduff8o,jgrieger8o@yelp.com,wM7t(o0},2024-03-09 05:09:18,2023-09-27 07:37:21
314,bklugel8p,smulles8p@photobucket.com,qV2$4yjcL6,2024-05-20 02:00:09,2024-03-13 13:00:06
315,gskillanders8q,bacomb8q@ebay.co.uk,pR88.njSDocN5_Z,2023-05-25 11:11:00,2023-10-30 04:58:12
316,akibby8r,skinchley8r@flickr.com,xQ39ok+4K,2024-02-04 14:37:14,2023-05-24 02:37:16
317,dduchenne8s,mgeroldo8s@jigsy.com,eX0JURuyf)39W=CF,2023-07-15 13:54:09,2023-06-14 01:09:40
318,sblackden8t,awurst8t@webnode.com,oU3sajNT`,2024-02-24 21:43:24,2024-05-12 10:02:17
319,lhavers8u,ggamet8u@hexun.com,mM9t)t<&nk,2023-09-11 18:39:14,2023-07-26 17:37:49
320,ccastangia8v,wwinscomb8v@cpanel.net,oL7D=fzq,2024-04-20 18:39:09,2024-05-02 20:07:50
321,bbohman8w,ifooter8w@thetimes.co.uk,yT9(4<uL.@X*qT,2023-11-12 05:48:56,2024-04-07 04:52:19
322,lbeese8x,ksummerfield8x@unblog.fr,"wF7A*,OB!sP",2024-02-27 19:14:44,2024-03-16 18:18:39
323,nhelix8y,ckliemann8y@newsvine.com,"tU0T6,CM\C",2023-08-08 11:12:18,2024-03-31 19:15:48
324,ldisdel8z,mrowley8z@miibeian.gov.cn,mC4XUPL!V$yZ,2023-06-14 18:32:58,2023-12-20 17:47:58
325,dcrufts90,ngiggie90@who.int,iH81x`Wsg&s),2023-08-03 02:05:30,2024-03-19 01:47:08
326,edeal91,irowdell91@altervista.org,bK9au/y|j7y,2023-09-23 22:34:12,2023-09-27 00:02:21
327,gmcgerraghty92,tsalazar92@newsvine.com,aM0bqW>a3lO>Rt,2023-11-12 16:48:40,2023-07-26 09:54:00
328,rkrause93,mnorcott93@cocolog-nifty.com,iL7?No&iEz7,2023-09-09 22:58:01,2023-11-27 23:52:39
329,bfortune94,fbenech94@theatlantic.com,jL6.(i@Z8B,2024-01-06 05:18:11,2024-03-25 09:52:02
330,kaviss95,hhansill95@g.co,lX6x)=0O,2023-10-23 14:30:56,2023-10-19 02:44:38
331,glife96,dshurmer96@godaddy.com,zG2'Ak21p2YwW,2023-08-25 13:29:18,2023-07-10 15:13:33
332,sparkeson97,bdowning97@whitehouse.gov,pT1MAPR%UL#,2024-03-23 03:45:03,2023-08-19 06:39:54
333,spetegre98,broberts98@utexas.edu,qE4_Q#ADS#TdzH,2023-11-05 17:59:33,2023-11-22 07:22:04
334,twicken99,scropp99@altervista.org,"zA1,\""fN/kj",2023-09-19 10:16:35,2024-05-15 00:42:30
335,bdelacey9a,ltreffrey9a@sphinn.com,gC3tIku8zM/$}cI,2023-08-11 08:23:40,2023-11-17 15:48:06
336,mjeffrey9b,pswettenham9b@gmpg.org,jV9Axmk&q,2023-12-05 13:58:55,2023-08-02 02:48:52
337,ssanford9c,flygo9c@goodreads.com,wG5k0!8/'C3J,2023-12-22 08:15:07,2024-04-19 09:10:11
338,ntheuss9d,kstivani9d@tmall.com,iF3+CE$V8wY>D,2023-09-09 16:27:30,2024-01-03 07:55:54
339,fkeane9e,ofaunch9e@plala.or.jp,qH8fs9jS=I,2023-07-30 01:45:46,2024-02-08 04:24:42
340,eelvins9f,eleggat9f@google.it,wB7cq'$)D45D9,2023-09-13 13:13:24,2023-10-29 07:16:23
341,ascawn9g,nnannini9g@devhub.com,hX0Y8fPKD,2024-04-03 12:25:57,2023-10-14 07:38:03
342,tgullam9h,mpales9h@patch.com,tY2WJnM0akNG?,2023-12-12 11:54:48,2024-02-11 13:35:38
343,aklimek9i,hmctrusty9i@bloglovin.com,mQ88jIwz|.2H_gZe,2023-11-07 11:32:47,2024-05-08 18:07:36
344,vyarnold9j,csmullen9j@furl.net,"cD2s2@m""c0L2",2024-05-05 01:44:02,2024-04-30 15:54:30
345,smacvey9k,abalch9k@arizona.edu,sE1El!B#!@eRRIo,2024-01-11 02:19:31,2023-06-21 05:30:25
346,aternault9l,tfawthorpe9l@tumblr.com,sI5K&ltpJ`qs)/0@,2024-03-24 09:41:45,2023-08-20 18:21:07
347,achishull9m,swilcock9m@github.com,bY2.*N'xUws%Fc,2023-08-08 18:07:51,2024-04-22 03:53:18
348,pmcgurn9n,pverling9n@time.com,rK2Q|yl~}b<,2023-12-28 15:15:34,2023-08-02 01:01:33
349,cspilsburie9o,apinckard9o@1und1.de,"uW046xb,o@Fot3*",2024-01-31 18:40:53,2024-02-26 22:40:52
350,cburgyn9p,cigoe9p@google.it,cM7cC=|TBW<Rc,2024-02-19 02:46:57,2023-10-11 21:02:00
351,gtsarovic9q,swenderoth9q@tripadvisor.com,nA0w({RAb=P,2024-04-21 22:37:25,2023-12-08 12:26:59
352,mbolden9r,csaunier9r@surveymonkey.com,"yN6""3x~zPCj#.nVt",2024-04-16 17:20:06,2023-12-17 22:23:03
353,zshoemark9s,drosser9s@tumblr.com,iJ3XSW37YP~~V>,2023-11-03 13:14:17,2024-01-13 06:12:30
354,gcoase9t,lburkman9t@furl.net,hR10/sX5M0RBzjeY,2024-01-13 16:15:34,2023-09-24 08:45:46
355,cneads9u,nsandes9u@shutterfly.com,"aX03?)6,",2023-09-01 03:56:54,2023-07-30 06:37:50
356,pmcilwrick9v,istave9v@geocities.com,kI7dZ|!!m$,2023-12-08 23:29:42,2023-08-09 17:56:42
357,lagirre9w,apellant9w@google.ru,yQ6y.f>@>Wze,2023-09-16 22:19:30,2023-09-09 12:16:49
358,ddesquesnes9x,fmandre9x@macromedia.com,nX3U}(L&,2024-01-02 14:25:31,2023-09-23 22:49:52
359,cfalconbridge9y,rastell9y@goo.gl,oU2r>/1Ve(g<,2023-10-19 08:49:32,2023-06-05 03:37:22
360,tdubarry9z,flamplough9z@eepurl.com,yK5S4=%+4,2023-08-28 16:55:01,2023-06-17 04:37:33
361,jdinckea0,eroglieroa0@examiner.com,bU9@r#w|tb1,2024-01-15 08:23:17,2023-07-19 01:44:19
362,rcurbishleya1,wbaccupa1@weebly.com,iQ0KXNbhYM0,2023-12-22 18:23:43,2023-08-02 08:30:38
363,eknuttona2,cladela2@aol.com,jW7&nKiaO,2024-04-26 08:03:44,2023-10-02 07:03:40
364,kebunoluwaa3,cmountlowa3@aol.com,gT8byX~B2?,2023-09-04 04:08:08,2024-04-23 03:16:23
365,mgaythorpea4,mpeyesa4@com.com,zD3J+<Yp,2023-09-07 07:20:49,2024-03-24 00:06:38
366,amcanenya5,mrookesbya5@clickbank.net,qE6c.RWTt,2024-01-21 16:55:52,2024-01-15 18:27:31
367,gflindalla6,bpepina6@howstuffworks.com,lC2Jrs(dtoBc,2024-05-09 11:37:35,2023-12-02 11:52:14
368,rterbecka7,ecrouchera7@dot.gov,"vD5e@}kq""an",2024-01-31 13:35:17,2023-07-06 09:14:28
369,lgouldebya8,croysona8@guardian.co.uk,xV3!\uV5C*>ecZ,2024-05-13 21:36:40,2023-10-31 03:01:48
370,wauberya9,aallsupa9@yandex.ru,zZ3*84o0G,2024-01-22 03:03:31,2024-01-09 10:24:48
371,cblunsdenaa,sbeauchampaa@adobe.com,"oR6/VsUO+5""D9",2023-06-30 10:42:18,2023-09-08 19:19:20
372,ecindereyab,asheeranab@opensource.org,bI8t8VGXxFn4,2023-12-09 09:57:16,2024-05-16 20:41:34
373,pkrolac,bbuckeac@artisteer.com,wZ0!>uBkZ<,2023-12-02 22:48:36,2023-08-09 22:32:51
374,csmittonad,lgeaterad@google.ru,"uF77jA9""e\Zh",2023-12-27 06:59:20,2023-08-03 04:08:14
375,jelvishae,bbelfordae@cloudflare.com,hV4V~tf`?_,2023-10-07 10:07:21,2023-11-14 14:19:45
376,gshewsmithaf,odahlaf@goodreads.com,wF0@ba!E!=,2023-06-24 02:35:14,2023-08-07 07:44:03
377,gmcnevinag,bcaldecotag@usnews.com,fA8l+|5M,2024-05-19 21:30:41,2023-09-09 15:01:51
378,jspracklinah,cholcroftah@google.ca,zT8QD6u?beX,2023-11-29 08:14:03,2024-03-22 23:50:30
379,bkadarai,jmcconwayai@wikispaces.com,"tE3CC&3n'q,qU+",2023-07-19 00:33:44,2023-07-04 16:26:11
380,lorsayaj,zlebarraj@smh.com.au,eE4d~qa}%F*,2023-07-03 14:13:56,2023-09-25 10:30:35
381,lsiegeak,mseniorak@yolasite.com,fS4%@i>iFk1Cs@K,2023-05-27 10:53:40,2024-01-03 16:33:39
382,mcaponal,nstoryal@smugmug.com,uD2Q&#X'E5.,2023-07-02 05:52:36,2023-08-18 11:11:54
383,fkleemanam,vgotthardsfam@themeforest.net,cA9rz@pX@S6,2023-07-25 12:31:42,2023-12-17 06:31:36
384,rfroudan,bquadrian@tamu.edu,xC0L4R&=tF@e_,2024-01-11 06:32:58,2024-01-14 03:57:56
385,jalasdairao,bdrayao@bandcamp.com,"gE1#,.IVbO",2024-03-07 09:26:03,2024-03-29 04:58:17
386,coneliganap,csnaddonap@apple.com,cP3XfO6pTRS,2023-12-04 06:20:05,2023-12-21 19:28:04
387,lateridgeaq,ndickersonaq@eepurl.com,"uN8cKF,KL",2023-07-18 08:13:40,2023-09-16 14:07:13
388,ebolliniar,cerrettar@apple.com,vW7(Zdk*xrp_)z)W,2023-12-11 19:38:38,2024-03-01 07:58:14
389,rbattesonas,lsolomonidesas@nsw.gov.au,gM9?\t{Wj>TL|>9,2023-08-04 11:56:38,2024-04-14 19:39:49
390,juttonat,fbuggyat@dell.com,cF9sq`n%Pfl/nxF,2023-08-18 21:47:21,2023-08-15 09:52:33
391,ddownseau,hfendtau@yellowpages.com,jD0L/ncpP#,2024-05-15 20:18:33,2024-03-10 09:18:53
392,asmithsav,cschuckav@unc.edu,zW3yBkeo7~,2024-01-16 14:04:20,2024-03-04 19:15:42
393,ahallstoneaw,ppayntonaw@pcworld.com,rU7`@%X<*(,2023-06-27 14:37:22,2023-10-20 08:25:24
394,lashurstax,lfreakeax@washington.edu,iN34eH(+M7,2024-01-16 20:56:18,2023-10-03 18:46:02
395,iyurkinay,edeavinay@topsy.com,"fA9rJ&h""y66g=",2024-03-30 16:55:46,2024-01-04 03:30:33
396,tconqueraz,tdimmackaz@over-blog.com,hP7%#'2*N,2023-10-03 21:01:29,2023-09-10 20:00:31
397,avicaryb0,lkinnochb0@theatlantic.com,nQ8T!I'',2023-11-16 17:07:13,2023-08-11 12:54:57
398,cwhitleyb1,cfenlonb1@about.me,"mH2=1|05g,5`B}y",2024-05-02 11:19:46,2023-07-31 04:56:02
399,jstidworthyb2,obengerb2@nymag.com,sX7mI>X},2024-01-12 07:18:18,2023-07-27 23:54:08
400,whulsonb3,cyockneyb3@ucsd.edu,"qT3v,_\p>",2023-07-01 16:24:42,2023-09-03 19:03:29
401,lyosselevitchb4,sdowleb4@addtoany.com,rW4oCsuMp)%aS=WL,2023-06-28 06:51:19,2023-09-16 10:00:35
402,mheintzschb5,ptesimonb5@msn.com,xE1oECsB,2023-12-02 02:04:41,2023-09-17 01:46:11
403,akerrichb6,dfrankissb6@umn.edu,iM63$>y_,2024-02-28 15:55:02,2024-03-23 18:03:47
404,rdeexb7,modgerb7@com.com,gL8*D0+mt6,2023-06-30 05:10:26,2023-12-04 06:54:05
405,callibanb8,frohfsenb8@google.ca,bV5IAv!UY4&+sL,2024-04-22 15:10:59,2024-02-23 11:05:29
406,mdrinnanb9,bferrieroib9@amazonaws.com,wZ2ABn4W,2023-08-25 12:56:26,2023-08-29 19:24:03
407,tgilbaneba,aprigmoreba@noaa.gov,"nC5C6+LQ""&",2023-12-06 19:11:09,2024-03-09 11:33:50
408,svaunebb,jabbyssbb@purevolume.com,vD6tcQ/v,2023-09-08 06:21:55,2023-07-26 12:37:45
409,hblestbc,msnoxillbc@goo.ne.jp,cF08ve13}5GqOXt,2023-07-08 04:55:09,2024-02-27 10:29:25
410,jchestlebd,zeacottbd@narod.ru,hJ7p{_sK,2024-03-06 19:56:00,2023-06-08 01:25:25
411,spoleybe,hhessingbe@friendfeed.com,oW6{G<<FJ},2024-03-09 11:03:08,2023-10-24 15:11:56
412,dsherwinbf,vvergobf@quantcast.com,jQ05egPA/A~.xV,2023-05-21 22:38:16,2024-01-24 01:35:02
413,msheedbg,jainleybg@usa.gov,mO3/0\1Gkd5$rz>,2024-02-28 17:46:24,2023-08-25 12:37:49
414,dfockesbh,dswatheridgebh@hugedomains.com,yD9Ne~9{5B,2024-03-12 23:46:06,2023-12-07 03:38:52
415,fchapellebi,grelphbi@uiuc.edu,"pO6aB}f_Q+CS""1l",2024-02-28 13:38:07,2024-05-14 17:31:39
416,hflexmanbj,ogreenhowbj@illinois.edu,fE9B6+h\xNMJuca,2023-12-09 17:03:07,2023-07-20 00:11:32
417,acoltartbk,ftwiningbk@last.fm,hJ5Hp`~(ju_,2023-06-02 18:05:20,2023-09-19 06:43:16
418,tdutsonbl,pmitrovicbl@dion.ne.jp,qU3IX<aY$OMu8,2024-03-06 12:45:46,2023-07-26 12:18:38
419,showlinbm,afaulksbm@godaddy.com,pY156xkKomT.T'}O,2024-04-29 12:41:23,2024-03-28 09:37:26
420,apurnellbn,acandiebn@de.vu,"fC6E>+HE,2",2023-11-01 04:51:04,2023-06-22 19:35:00
421,ekasparbo,hhuttonbo@answers.com,bY2~2t>fJy6+,2024-04-29 16:11:59,2024-03-21 15:00:52
422,bsimmonbp,aredwingbp@yolasite.com,cP1yHD~CYiO$9G,2023-12-28 16:10:52,2023-06-02 21:33:42
423,nbattmanbq,hraymenbq@parallels.com,cW8hR)SbrrgW(C,2024-02-19 01:13:36,2023-09-04 09:28:29
424,kboddiebr,twollandbr@vistaprint.com,lW7txIY>V,2024-03-02 06:40:04,2024-03-12 05:41:29
425,jkernockbs,bmcmeekanbs@themeforest.net,pR9Dhx|8?,2023-06-13 15:44:46,2024-05-10 07:18:41
426,aharwellbt,bleflochbt@amazon.co.jp,aC0Ua`\rP,2023-11-09 00:52:37,2023-06-19 13:41:02
427,ceilersbu,jpilsburybu@dell.com,"qV68t""0?C",2023-10-15 12:12:29,2023-11-10 12:29:39
428,rnelthroppbv,kbackshellbv@istockphoto.com,yE9qK%ghKr$?Q}ur,2023-08-01 20:42:07,2023-12-06 08:12:15
429,jbyshbw,brizzardobw@i2i.jp,"yF3S2,8xhQc",2024-02-01 12:44:02,2024-03-28 12:13:16
430,kstewartsonbx,asnodinbx@samsung.com,wI9{p7|r~,2023-08-19 21:28:47,2023-07-04 17:11:11
431,iperringby,mhadnyby@apache.org,rV379/QsJD(skfby,2024-02-04 21:57:27,2024-03-04 02:13:46
432,mwaytbz,lmanserbz@ezinearticles.com,"qC4yeJ""egP",2024-03-21 14:06:33,2024-02-13 04:19:42
433,dtarbornc0,ksirettec0@gravatar.com,"zS7Zer""{",2023-12-28 03:20:24,2024-04-14 10:48:53
434,tsmeesc1,sosgardbyc1@multiply.com,jE5(D}Bk),2024-05-02 10:29:29,2024-04-06 22:25:43
435,covershottc2,ctoynec2@shop-pro.jp,"nJ1H""g}*tYW",2023-07-12 11:46:40,2023-07-26 14:05:26
436,mduffinc3,dpettengellc3@myspace.com,wB5YTAiASX<32<H,2023-08-07 23:03:02,2024-01-01 03:47:38
437,fmorchc4,nyemmc4@csmonitor.com,"mW32@t,=B/?",2024-04-02 05:59:31,2024-03-21 08:53:27
438,ccollipc5,jblinmanc5@google.ca,"bZ4V&jt1(&',Ry5",2023-12-17 15:46:28,2023-08-23 09:55:03
439,cbremondc6,trobelowc6@purevolume.com,nP4g?0QSn,2023-11-14 18:59:40,2023-06-25 14:19:52
440,lrawlsc7,cpreonc7@hp.com,fN3cx691s'Fa=jiv,2024-03-17 21:06:14,2024-04-02 09:55:26
441,ctrewhellac8,ghirsthousec8@digg.com,aF4dv'qyl,2023-12-15 22:38:16,2023-12-07 11:49:47
442,kshuttellc9,mkornelukc9@fotki.com,uK2\}>IzeXMo,2023-12-22 23:47:28,2023-05-27 12:01:38
443,mholleranca,mcoplandca@hexun.com,fX36PPf*wl}~eL7,2024-02-02 10:03:18,2023-07-16 18:54:23
444,epeachmentcb,kmolfinocb@berkeley.edu,aK4yM|xU71Z1WGmE,2023-06-15 10:16:32,2023-06-18 07:27:47
445,uvidacc,cdarwoodcc@auda.org.au,iD0dQWqx,2023-11-08 10:46:40,2023-10-12 14:49:26
446,bhawkeycd,cbundockcd@e-recht24.de,vU9cs1V$my,2023-07-28 02:37:14,2023-09-16 04:06:41
447,cjerchece,hsaggce@census.gov,fD3M<b6@q,2024-01-03 00:45:02,2023-06-01 09:04:21
448,rstlegercf,bairscf@examiner.com,wV4pJL|{&X$i/I,2024-04-18 16:42:40,2024-04-16 06:17:42
449,mcurteiscg,nchithamcg@yolasite.com,mC7zBP!@}s,2023-09-09 09:54:35,2023-10-15 09:15:31
450,mtestinch,jtullych@addthis.com,xM6@vO2SprQV?$s\,2023-07-29 19:35:51,2023-09-22 18:18:01
451,sdebooci,jlivzeyci@businessweek.com,yU83\J.y<,2024-01-14 10:36:26,2023-11-28 01:46:56
452,gdionisiocj,wemmcj@ibm.com,kU3Gm1+Y@jk,2024-03-18 06:12:55,2023-09-19 19:00:02
453,mtibbottsck,oaugerck@addtoany.com,vC7s@$pfKzzj,2024-02-05 01:29:21,2023-08-08 16:29:02
454,nloftscl,ystuckeycl@goo.gl,dG4V3i`FhSt2,2024-01-26 11:01:14,2023-07-10 17:53:27
455,smuehlercm,lradfordcm@domainmarket.com,eZ3(mk`U%DLzWVP?,2024-01-01 07:54:42,2023-10-31 00:14:13
456,rdevenportcn,lertcn@joomla.org,cI03(y4m+,2023-11-30 01:52:17,2023-06-11 14:00:51
457,ecaseborneco,ldelisleco@mac.com,vI6nu#0e.6v,2023-10-04 06:47:41,2023-09-21 20:03:57
458,lpoynzercp,dpomfreycp@examiner.com,"tO1"".AV!#ZZ3",2023-08-09 21:32:28,2023-06-26 06:13:50
459,nstaitecq,jtitcomcq@nbcnews.com,kD8)()GS5kf4&m.,2023-09-10 22:17:03,2023-08-12 18:35:16
460,fmacilurickcr,theliancr@exblog.jp,mU7g*|$ms?#dKf*{,2024-05-09 07:19:05,2024-01-08 08:10:41
461,lborgnolcs,lcullrfordcs@woothemes.com,dV8ovq6R1,2024-04-24 07:57:40,2023-09-26 23:52:34
462,vscoterboshct,ghowmanct@163.com,rH3w(Ye6$AX,2023-12-06 07:20:48,2024-02-15 08:42:55
463,spinsoncu,jshaulcu@ca.gov,vJ9z2Ni3PZrQ6.X,2024-01-21 19:37:59,2023-10-15 19:01:42
464,zsharpouscv,nabdencv@cisco.com,dA6Y4pG==ZV2,2024-05-16 03:01:12,2023-06-16 17:30:59
465,acreasycw,imotioncw@youtube.com,tH4N0gOR,2024-03-19 13:19:10,2023-06-05 18:18:12
466,dnutkincx,orosonicx@google.com,vR94mnI%%}N,2024-02-09 01:06:00,2023-11-18 15:59:04
467,khirsthousecy,bgoundrycy@mapy.cz,nT5<MYUx,2023-11-08 05:21:00,2023-09-29 04:44:54
468,gcattlemullcz,nseelbachcz@edublogs.org,"pK0a_i~""@,%ZJ",2023-12-09 07:50:40,2023-10-18 21:41:25
469,aknappend0,fgotcliffd0@amazon.de,gG36p5_S,2024-03-27 20:57:06,2023-07-01 10:26:03
470,sgillerd1,lvernerd1@unesco.org,tZ05syl+F*.//Bd?,2023-07-25 10:43:39,2023-07-09 18:14:01
471,lpipetd2,ryakunikovd2@acquirethisname.com,gR8uto~6Pt1J,2023-06-04 06:35:04,2024-04-10 15:17:10
472,kkelseyd3,rcanwelld3@hhs.gov,wH6sG\+|ELM+N=w,2024-02-13 14:32:37,2023-09-05 10:08:01
473,hrenackownad4,dwalned4@jimdo.com,dX94ay*0,2024-02-16 19:52:15,2023-11-14 11:17:09
474,vdunfordd5,tkrebsd5@woothemes.com,"vL3""?eLnf>gxp",2023-11-09 02:47:27,2024-05-07 01:35:48
475,pfruchterd6,fbescobyd6@usnews.com,eC9pp9tNkAx#,2023-10-30 19:51:07,2023-11-04 05:22:22
476,alongfieldd7,hspindlerd7@accuweather.com,"pM2*lpCd{""\\",2023-08-03 04:01:10,2023-07-10 17:33:04
477,bhedgeleyd8,relacoated8@vistaprint.com,sP75)}nb<Jl|8a%w,2024-02-03 23:11:12,2023-12-29 11:16:16
478,fmellersd9,lgermaind9@timesonline.co.uk,"fQ3egwXeA,LM",2024-01-28 19:13:26,2023-11-07 04:19:10
479,deathorneda,mdupreyda@ibm.com,iX5%yxh|.z\%,2024-02-01 12:15:52,2024-02-07 04:30:56
480,coverpooldb,nlevingsdb@icio.us,zQ4fR)?BT~(,2023-12-23 21:56:45,2023-07-17 18:28:52
481,hlissandredc,aaarondc@xrea.com,"pR6P.,VO{5g",2023-12-09 01:50:13,2023-12-08 21:45:02
482,mwiszniewskidd,gbaudonedd@fc2.com,kR0PK4LL,2024-02-17 12:01:19,2023-06-13 12:15:00
483,sgeorghioude,kiashvilide@comcast.net,uE9PA%ydR1,2023-06-07 10:06:12,2024-02-03 14:16:58
484,dfritchleydf,aearddf@barnesandnoble.com,eA0i!n@v/S5YT\R`,2024-01-10 04:32:55,2023-12-03 13:02:29
485,okahlerdg,rchantlerdg@facebook.com,bL9!F<&Hp_c*D,2023-06-06 20:51:50,2023-12-09 17:00:22
486,dkeppeldh,zseifertdh@unc.edu,qC0'SQ2>v_=c4(=,2023-11-08 10:15:53,2023-08-18 12:07:00
487,hteulierdi,gschollerdi@sun.com,tF3hDLj(~IM,2023-06-10 15:54:56,2023-07-09 20:46:51
488,tedmundsdj,arosbothamdj@etsy.com,vO1Ve>GFixs~`Wxt,2024-04-15 20:09:58,2023-12-24 21:36:20
489,hhallihanedk,mharbererdk@biglobe.ne.jp,cW6v|4u9AT?sqfj2,2023-08-12 01:00:51,2023-07-04 23:54:20
490,abuckdl,rhedditehdl@networksolutions.com,gH3cS'fk1qI#&E,2024-04-05 20:52:04,2023-08-15 16:04:00
491,etrinkwondm,egoadedm@skype.com,yH9dRqsz,2023-11-08 13:41:02,2024-03-03 02:24:29
492,hhucklebydn,hprattondn@tmall.com,"dU0XBcf,O,14nP",2023-05-30 12:47:51,2023-11-09 01:18:41
493,gbeckensalldo,jtourvilledo@smh.com.au,kX7Z7M~$koR&,2024-02-15 12:36:51,2023-10-05 15:14:39
494,lmorfielddp,pcobbdp@blog.com,sI5)lPM=x_<f,2024-01-13 07:30:43,2023-06-14 20:14:43
495,fpristnordq,fcashforddq@usatoday.com,bL3lPp~s,2023-10-15 20:23:55,2023-08-29 09:40:34
496,mcastagnarodr,kjakodr@netscape.com,"kV2""SG@=jLsKSq",2024-04-12 08:52:28,2024-02-10 12:56:31
497,ascotchforthds,mrayltonds@chron.com,hA9Pk\I9|Sp0,2024-01-08 06:23:27,2023-07-08 12:44:57
498,zcatanheiradt,bchessordt@wp.com,iL2O*M{03BI(h,2024-03-15 10:27:43,2023-12-06 04:38:44
499,jcastelletdu,bpelerindu@prnewswire.com,"fQ7&,mk*U",2023-06-19 12:51:57,2023-12-02 15:30:14
500,escoynedv,bfoshdv@xrea.com,tJ8ja3w=z/,2024-02-07 08:58:21,2024-04-12 04:16:28
501,smyriedw,lroachedw@yelp.com,jF4U.|v',2023-12-29 11:16:57,2023-10-03 13:40:51
502,afassbenderdx,bpenelladx@intel.com,tV8N97UXkI9=K#,2023-05-21 18:25:39,2023-08-01 20:21:52
503,rplewmandy,asomersetdy@marriott.com,"fH7q""kb4",2024-03-08 06:48:02,2023-10-11 17:03:12
504,branbydz,qtroubridgedz@instagram.com,"qL2a""O'Wd8",2024-05-03 21:51:10,2023-06-28 01:52:27
505,rfreere0,tyetmane0@furl.net,wX2.RCl!06v%&Z,2024-01-19 15:12:09,2024-01-01 17:12:59
506,rwhitechurche1,gbrue1@instagram.com,"sP0S#""t""mlL",2023-09-22 15:05:48,2023-12-29 09:54:07
507,sjeffrye2,wleathame2@nhs.uk,eY10IaS&i,2024-02-28 16:58:13,2024-02-02 05:46:43
508,tmalime3,cstockille3@technorati.com,fA32t\J}5)1k|,2023-11-04 22:09:53,2024-05-06 12:17:25
509,tpartnere4,amariyushkine4@chicagotribune.com,hO5|'LL~,2024-04-30 02:21:54,2024-01-11 13:02:42
510,adumpletone5,scianie5@google.co.uk,sC1vuI2ABG',2024-02-11 02:16:03,2024-05-13 01:49:11
511,gtomaszczyke6,calbrechte6@51.la,jQ6t|t.\,2024-02-26 23:54:13,2023-11-19 20:20:58
512,ysimmingse7,ftutinge7@nifty.com,uR4Qal>g9{2,2023-05-21 11:08:58,2023-09-23 15:56:34
513,hkewleye8,mfolbigee8@tumblr.com,iR9OpLq0*DodVeb,2023-10-21 06:12:46,2024-04-03 22:26:42
514,astadinge9,tgomme9@gravatar.com,vN1cog>etTAakI,2024-01-11 06:13:11,2023-08-20 15:05:30
515,agealyea,sbertelmotea@theglobeandmail.com,rT6G*(>!fVlp,2023-10-21 17:41:47,2024-03-06 05:21:30
516,vebbenseb,hstempeeb@twitter.com,zE6E7l+~lXf,2024-04-05 10:23:35,2023-10-04 17:53:43
517,senburyec,fharmerec@dell.com,gC0zUnkkOmm3,2023-06-24 23:56:06,2024-03-07 04:41:49
518,dshukered,dcowopeed@163.com,rL9|.!JD},2024-04-17 14:18:45,2023-09-13 12:24:58
519,lbarbaraee,nvauteree@barnesandnoble.com,cH2k>eS_j|<EyP)D,2023-06-04 06:12:31,2023-07-10 11:48:36
520,mcovottief,utebbettef@imageshack.us,qN2@#htbXGX*zW,2023-12-03 12:04:20,2023-12-24 18:21:03
521,ptiernyeg,vfullerloveeg@oaic.gov.au,"tR6S""MGC'7LMDz|%",2023-11-22 07:07:52,2023-12-25 10:02:37
522,klayuseh,vtubbleseh@odnoklassniki.ru,oL6Q5WU/2Q'<gu7`,2023-11-13 05:37:25,2023-12-30 17:02:04
523,nburryei,jhavershamei@hubpages.com,"rV0O}A""dD6!2Mk@",2023-09-06 15:18:46,2024-01-19 17:44:17
524,lkinchleyej,egreedingej@sfgate.com,pT5V'bt9PE+n$kSs,2024-01-16 18:56:43,2023-12-13 18:36:52
525,rhurnellek,edicteek@wp.com,"kP7""xntsn0.4YTU",2023-05-22 04:24:43,2024-01-02 07:30:06
526,dkleimtel,amingardel@canalblog.com,hV9r@uZ7(d,2023-09-21 04:53:06,2024-02-05 22:57:14
527,omcpeckem,feverexem@google.de,xD58C}R&'~6,2024-03-31 04:56:13,2024-01-25 03:38:02
528,vcolicoten,garthursen@squarespace.com,mI1`x/x47#TL$EO,2024-04-04 18:28:14,2023-08-29 20:20:12
529,ckittoeo,bmuscrofteo@phoca.cz,aJ2mnL<p4/5Fv`,2024-05-05 20:41:28,2023-12-18 19:36:53
530,edablingep,rgowardep@bloglovin.com,uU9NNL_pf~I,2024-02-06 13:23:49,2024-02-25 08:46:44
531,rmacpakeeq,klyddiatteq@ning.com,uF0#?zK&,2023-07-19 05:17:22,2023-08-07 21:46:15
532,hbrecknaller,omarcoer@xrea.com,pE147iz6i/<Ra,2023-06-23 17:36:32,2024-03-28 11:35:13
533,dtregensoees,brodsones@loc.gov,kS3@1zoTVeg,2023-10-25 07:46:06,2023-07-03 01:35:06
534,pabadet,mtyghtet@who.int,kL28\I%b)HmrA#,2023-07-04 20:35:44,2023-08-09 16:12:14
535,dandraseu,mworcseu@vimeo.com,eO1OY4o/Jics,2024-05-19 15:29:48,2023-07-17 10:02:16
536,dpruvostev,lhaugenev@reddit.com,yM8Ksp&m,2023-05-28 06:55:31,2024-05-06 09:47:20
537,elochetew,lhayworthew@printfriendly.com,qB1+5*N)E~mRjR/,2023-09-16 09:57:27,2023-07-08 21:00:04
538,bagerskowex,cheinschkeex@wired.com,oC1=7.Is89,2024-04-22 12:28:04,2023-11-19 17:12:47
539,lhiddyey,cburdassey@ox.ac.uk,oP8j%@}+,2023-10-23 22:05:56,2024-04-13 12:19:25
540,jmcilhaggaez,balcottez@taobao.com,"xI0(VP9RtV,H",2023-11-15 06:56:52,2024-04-19 18:02:15
541,mchalcroftf0,cguerreauf0@theatlantic.com,uB9wD_dlY,2023-12-07 22:21:56,2023-07-04 19:40:59
542,astaytf1,dewensonf1@imdb.com,eN0I#Pwtnp~f,2023-11-16 08:27:57,2023-11-16 07:39:17
543,fmirandof2,mvivyanf2@nhs.uk,sY9D<BA{Q,2023-05-26 22:08:55,2023-10-08 16:36:51
544,ggatheridgef3,hwinkellf3@foxnews.com,wK9we9*w1)yS32,2024-04-19 21:01:40,2024-01-28 10:55:01
545,kwestmorlandf4,bschaperof4@bigcartel.com,"nB1_(w,T2I",2024-05-20 10:15:42,2024-05-19 16:32:34
546,tdellabbatef5,gshardf5@weebly.com,sW1tv5>?,2024-02-20 10:03:58,2023-08-10 03:05:34
547,sovillf6,rspinif6@yellowpages.com,qG8k(4{f,2023-12-24 18:41:10,2023-06-23 19:05:42
548,vmynerf7,xgirlingf7@goo.gl,uP4*(M0iW0}4va,2023-07-08 08:42:43,2023-08-24 12:34:58
549,nneatef8,lguilbertf8@arstechnica.com,wP0d>fBJyyP.a~,2023-10-11 02:28:27,2023-06-29 19:02:07
550,ewestripf9,rbuggef9@home.pl,rK0<@DRAl&1mP,2023-11-10 03:35:59,2024-04-05 10:29:29
551,mgeffcockfa,cburehillfa@discuz.net,iA11b@7fzsx,2024-01-01 09:22:25,2024-01-01 04:58:17
552,akainfb,ecanerofb@redcross.org,"hZ51k*!k*O,gB",2023-09-19 11:56:58,2024-01-21 22:08:38
553,mpeeterfc,lfidelusfc@google.com.au,"pH46|pscfNDB""9#j",2023-11-12 17:08:49,2024-01-06 06:14:23
554,dcasselfd,sstrelitzkifd@opensource.org,oN5s(V1j%,2023-10-25 21:45:54,2024-02-06 17:21:16
555,crhymerfe,nbosherefe@samsung.com,aE3>1_P6|+P\36wc,2024-01-21 06:53:49,2024-04-05 12:03:09
556,bberfordff,abouleff@geocities.jp,fV1UWQ%+~E(y,2024-02-04 02:09:47,2023-12-11 15:16:43
557,kbushbyfg,mlundyfg@goodreads.com,qN3MaT&P/,2024-03-23 16:55:45,2024-01-19 02:46:18
558,aspringatefh,lveracruyssefh@jimdo.com,cA4Wp<O!7},2024-04-23 12:57:43,2024-05-12 01:18:07
559,cgerritfi,escartifieldfi@desdev.cn,fW0>o{nu+m)%&6,2023-12-09 17:49:17,2023-05-22 19:09:13
560,eklimentfj,kticicfj@ehow.com,"iF1$,Sju",2024-03-08 08:18:19,2023-12-23 02:27:27
561,vfosherfk,lpinkneyfk@clickbank.net,qM04qOgBZ,2023-06-18 07:16:39,2023-08-09 22:19:07
562,dsinesfl,shulettfl@wordpress.com,oY6LA1>!eUUm3,2024-02-12 21:23:40,2023-11-20 04:07:50
563,adecroixfm,bbottlefm@trellian.com,fV8Ql4bc4&>)D~=,2023-10-21 19:50:39,2023-08-01 03:39:50
564,mgledhillfn,cpurbrickfn@scientificamerican.com,nJ9xaL}G\z5rBOD7,2023-06-04 18:55:07,2023-09-11 14:27:20
565,jflutefo,tmckiniefo@usgs.gov,"yH82$/y*"",{Zn{",2023-11-04 16:51:22,2023-10-02 16:08:27
566,mnatwickfp,aedisfp@360.cn,"iE64~u,Tv4)Pd?",2024-04-17 02:58:41,2023-11-02 18:25:44
567,oboundyfq,jdwightfq@howstuffworks.com,bR2$8$8Sl55oK,2023-12-28 19:41:07,2023-07-20 23:09:56
568,wrockliffefr,lbasindalefr@xing.com,gQ2cC{R~db!H%_He,2024-05-18 21:12:54,2023-09-09 13:28:25
569,hkeppiefs,cwhitemanfs@joomla.org,"sX4p3gf+y6jzo,Lx",2023-07-31 16:16:14,2023-06-24 07:48:36
570,emulhallft,lmowburyft@ucoz.com,vY5<p9N1>S?ILOT,2023-05-25 16:45:49,2023-08-02 18:15:36
571,krennyfu,gogroganefu@multiply.com,bS6+A\)R,2024-04-17 14:11:10,2023-07-26 17:14:47
572,ppackingtonfv,srobardeyfv@shutterfly.com,nY6B#NIVx8>otyXu,2023-10-24 14:18:42,2023-09-23 07:03:24
573,cfrancescofw,jseymarkfw@illinois.edu,qU5n<_{X2d7Vh,2023-11-19 01:41:42,2024-04-08 11:01:34
574,rgunthorpfx,btaverinerfx@ucla.edu,"hD3,+4K<e",2023-08-07 03:03:47,2024-02-15 10:43:35
575,wlentfy,jcrichtonfy@wp.com,pM8`hjpeAa`5RKv`,2023-11-29 09:26:38,2024-04-24 09:12:40
576,jiashvilifz,dcorbinfz@wordpress.com,jJ37D&33~_=JcG,2023-09-28 12:25:12,2024-02-28 22:54:06
577,goldhamg0,nwakemang0@canalblog.com,lE0S_H$*PF1rr,2023-07-13 17:31:32,2023-11-06 08:36:52
578,bhebblewhiteg1,rzavittierig1@studiopress.com,wO3Oga>FN#\tBT,2024-02-24 03:57:10,2024-02-09 15:18:36
579,wjocheng2,rlampsg2@booking.com,kV0twi~5{R!s,2024-01-02 02:41:08,2024-03-23 06:33:34
580,btomblesong3,hgraeserg3@geocities.jp,qU1ruR8!KilG@fX,2023-10-24 17:11:55,2024-02-08 07:03:20
581,esegarg4,vatchlyg4@addthis.com,eB5oRR{)Pzx8g,2023-05-31 21:37:56,2024-01-02 06:33:59
582,mclemmettg5,rhearng5@sitemeter.com,qS5()ogXhf(ofx,2023-11-29 17:54:05,2023-12-15 20:09:08
583,vcordierg6,ksterng6@imgur.com,vB5#6s!h_DMcB2n,2023-07-16 12:00:16,2023-06-27 06:36:27
584,mmarquisg7,bglastonburyg7@blogtalkradio.com,mW8O6*|N@i_%lh',2023-10-12 09:12:19,2024-02-01 10:32:34
585,rdurieg8,amaccrackeng8@example.com,zU4.ReC8K,2024-05-16 05:03:45,2024-05-10 09:16:01
586,cayerg9,gscaweng9@google.com.hk,bP3!aa?*Jup.BH\(,2023-12-15 16:31:44,2024-03-03 05:42:45
587,melletonga,avertyga@mozilla.org,"wT3tde1mL""Mm,mX",2023-11-07 13:13:14,2024-01-13 00:04:31
588,tproutgb,yhaskergb@cnn.com,oW2!Pna2Y!,2024-03-01 14:01:26,2023-07-25 05:54:00
589,bsilvermangc,rfairheadgc@uiuc.edu,nU1jidtFd,2023-10-06 05:42:39,2023-09-19 22:34:28
590,dhalkyardgd,epattengd@over-blog.com,tR5)$a)</!s)2C,2023-07-21 18:28:23,2023-12-08 06:59:53
591,cpietersmage,gdarellge@google.com,jV8Dbhf{&SfPy7bQ,2023-07-25 20:36:24,2023-09-03 22:16:19
592,ekarpmangf,mbauldrygf@naver.com,nH4@bCyW?,2024-05-08 15:22:03,2024-02-10 12:36:55
593,estraingg,wgossartgg@amazonaws.com,"qF4_dM..$.`9r,.",2024-04-08 21:43:59,2024-05-16 00:16:54
594,wleadsgh,ftorransgh@amazon.co.jp,"aS3O|,SDN$NJ\RbP",2023-07-29 03:06:52,2024-03-31 20:17:12
595,smcqueengi,llagnegi@i2i.jp,vO5j@0qK.myVS6#`,2023-10-28 09:57:04,2023-07-16 00:25:20
596,tweatheygj,kcleatorgj@issuu.com,hO88cuceBGFx,2024-04-30 09:54:10,2024-05-14 04:23:43
597,hiacopogk,jlebergk@cbc.ca,dX2G'3$8B='EEc|W,2024-02-08 23:52:58,2023-09-02 02:51:06
598,epudengl,ezylbermanngl@reference.com,dS3|$RqmjzO68d?U,2023-09-27 02:22:49,2023-09-21 16:39:49
599,cdahlgrengm,worrettgm@feedburner.com,qZ8|PKA31I,2023-07-13 00:39:11,2023-09-25 21:52:37
600,erobegn,nranklingn@alibaba.com,"hX2CZF,9K&y",2024-05-07 05:48:51,2023-10-08 04:41:08
601,jperkisgo,cbowmango@salon.com,tT1IQcYV~#,2024-02-07 00:45:48,2023-09-20 15:09:22
602,wdailegp,tmackaingp@google.com.hk,"iZ7,OQJWsI5<Ho",2023-10-22 14:19:02,2023-10-06 10:16:49
603,jlinzeegq,tpolackgq@1688.com,yR3Xl_}/sx,2024-04-23 08:52:22,2024-03-31 04:13:25
604,acuruclisgr,ljindrichgr@privacy.gov.au,fU4a9bO&PLt\Z#,2023-08-26 13:33:24,2023-10-13 06:43:34
605,lhobblegs,dplacstonegs@alexa.com,xR3AK7g?\6px1MKe,2023-07-27 00:22:30,2023-06-02 21:01:22
606,lhowgillgt,gbutfieldgt@360.cn,"nD9n!fxVc+""!",2024-03-21 20:47:06,2023-06-06 14:03:04
607,beddsgu,aikringillgu@joomla.org,yB5YG_j3_t9<13i,2024-04-28 00:33:49,2024-02-05 22:47:05
608,dpicklegv,istrawbridgegv@fastcompany.com,uZ6p7ytUz,2023-06-21 14:56:51,2024-03-07 05:47:11
609,ggrotegw,shawardgw@e-recht24.de,bN57}H~JK,2024-03-19 03:49:43,2023-11-29 12:22:48
610,dsaltersgx,cshahgx@seesaa.net,iJ1(#HRQjtv,2024-03-25 21:57:46,2023-10-27 03:07:55
611,jbeakesgy,lmenziesgy@nifty.com,lG3O1`/j$H#*,2023-08-06 17:30:15,2023-09-25 23:46:24
612,bphillipsongz,cdraiseygz@sun.com,jJ6jw!nB4W2e|,2023-07-02 17:34:29,2023-05-30 22:38:09
613,jbowlesh0,scleatherowh0@buzzfeed.com,vO8FmJ|N)!}0~,2024-02-27 10:43:01,2024-01-30 02:48:14
614,gcapseyh1,pmewish1@eventbrite.com,"tR9,8qSr",2023-08-24 07:50:06,2023-06-01 04:02:21
615,nspikeingsh2,mfaivreh2@globo.com,aY74Q7<Bn@#2>rJ0,2023-08-18 21:12:10,2023-09-23 10:04:29
616,abrewetth3,jbaileyh3@rakuten.co.jp,pJ7S`JPa#\w%NI),2024-04-09 16:16:54,2023-10-08 21:57:24
617,jolanderh4,mstigerh4@google.com,bJ2nm?EjHVq,2023-11-30 08:10:44,2023-05-25 04:05:54
618,bhadlandh5,bbrowellh5@dedecms.com,lF8<eHIwJb,2024-02-08 06:52:04,2023-07-26 19:35:14
619,cquadrih6,cdeambrosih6@tiny.cc,"jM5#Qj,QMd+795",2023-08-19 22:05:12,2023-12-30 01:39:29
620,mwyeldh7,gbrumwellh7@yelp.com,qR3N4)&9K{X(4,2024-01-02 17:33:46,2023-05-25 05:46:48
621,jkordesh8,crichemonth8@elegantthemes.com,yF1L`1h|3,2024-01-22 03:10:56,2023-07-01 00:06:57
622,jredmoreh9,sredith9@cloudflare.com,cG6Ds6?_qd/~+&(~,2023-10-28 20:50:07,2024-02-06 09:59:44
623,dosharryha,sjeggoha@goodreads.com,zL7FCySGO#S,2023-08-23 02:10:39,2023-08-25 15:58:27
624,cmorsheadhb,bbagnallhb@yahoo.co.jp,uO00RVq0kO4!,2023-11-28 12:43:49,2024-01-17 02:12:08
625,acoldbathhc,nkilbanhc@123-reg.co.uk,uS7G1aa\i@`LT,2023-06-13 16:39:24,2023-12-09 19:00:57
626,lbaybutthd,pkennethd@soundcloud.com,"xG5?3M""(laN{2QHq",2024-01-18 04:28:19,2023-08-19 16:36:10
627,voakshotthe,wmarinerhe@netlog.com,nK7Z=u6<.Hz@+,2023-09-27 14:07:45,2023-12-06 23:34:00
628,igrimsleyhf,dseehf@qq.com,kQ5N1H}sw/,2024-04-09 14:35:31,2024-05-19 02:06:28
629,ahelixhg,dridoutthg@unblog.fr,qZ3ydTO/b$G/qi,2024-04-29 07:19:20,2023-07-05 17:19:47
630,aaggliohh,hhucketthh@i2i.jp,zD65VpL=@'w?*i,2023-11-27 03:32:58,2024-02-15 19:56:02
631,lschonfeldhi,rguilaemhi@tmall.com,"eQ9io,#O&L6)u",2023-06-06 05:33:34,2023-10-02 16:08:15
632,dlenahanhj,lcinavashj@comcast.net,pA9=z=w*V,2023-11-04 07:29:39,2023-09-02 07:38:07
633,tklasshk,dolkowiczhk@state.gov,oE2I/uVO\=A,2023-07-05 17:38:42,2024-02-08 04:25:36
634,rcranehl,tmountfordhl@netvibes.com,xW3r}aOg`BU?>,2023-12-16 19:15:54,2024-04-15 05:39:47
635,hluxtonhm,epratehm@aboutads.info,xE5{o+8r2,2024-02-17 09:03:32,2024-02-16 14:30:10
636,gkenyamhn,mpooleyhn@mit.edu,gC4tOB?~daVxjdj>,2024-04-28 13:37:06,2023-11-06 03:42:04
637,bbirchwoodho,iliddiattho@google.com.au,wY4!Vk?P~b$Fk#,2023-05-27 05:42:58,2024-04-11 16:43:49
638,fpoolhp,kchastanethp@addtoany.com,wU8>wm+p,2023-09-15 00:18:53,2023-07-10 04:49:00
639,habelsonhq,cmilberryhq@redcross.org,wQ78>EeD{,2023-06-04 03:51:27,2023-06-25 16:06:52
640,lgerardhr,kmclemanhr@nba.com,mR1c@)A?+,2023-11-09 21:01:30,2024-01-22 18:32:16
641,kmoiserhs,bdimitrescohs@irs.gov,jE3Dh`}j&F\EC},2024-02-13 05:13:59,2023-12-25 23:53:49
642,ldouberdayht,ncaht@seattletimes.com,aB8*LjP1WE!T>J,2024-02-15 18:57:07,2023-10-26 06:47:20
643,fsalzburgerhu,mdrainhu@nydailynews.com,"dI7k{H9""",2023-09-23 05:44:56,2023-09-20 06:00:55
644,aduchesnehv,ssurmanhv@etsy.com,eG5qNTl2L?c,2023-08-19 09:21:14,2023-08-23 13:26:21
645,brochfordhw,wewestacehw@china.com.cn,qA1J&>F&6XdI,2024-01-27 20:33:24,2023-06-12 16:40:41
646,veteenhx,dderyebarretthx@apple.com,dN6B'<WR'IF!,2024-03-24 16:16:39,2023-06-28 16:04:28
647,npavlovhy,mbouchardhy@usa.gov,"zA9tP<Xu`,1",2024-04-01 19:36:22,2023-12-03 09:36:02
648,amcshanehz,nmcskeaganhz@unesco.org,wQ4x_j10Xbtwi(,2024-03-26 12:15:06,2024-05-03 11:24:18
649,ngabbi0,twilbyi0@freewebs.com,nD18Zkqm,2023-08-18 09:35:00,2023-11-21 16:00:58
650,cdriffei1,mpreedyi1@cbc.ca,bK3~Pr5e7,2023-09-30 22:27:38,2023-07-10 01:44:26
651,pfusselli2,gbillini2@cornell.edu,uF84iy|VK$L3FIFK,2024-01-20 07:14:48,2023-10-28 11:02:49
652,oconkayi3,tduerdini3@guardian.co.uk,uA1L$y%MNo+G_Wa,2023-08-12 12:03:32,2023-10-22 14:12:31
653,amuzzii4,cdurtnalli4@elegantthemes.com,"nP9""Zm_'bVA<{",2023-11-01 07:33:20,2023-09-14 07:21:18
654,fslymei5,cwurzi5@hexun.com,vX8|V(%lHTJQ=?,2023-11-18 23:40:28,2023-11-29 11:16:21
655,hburnei6,tstrahani6@jigsy.com,"kC5v5>a(6,H%p",2023-07-07 03:54:25,2024-03-11 15:05:15
656,twhiteseli7,lvelli7@youtube.com,"gV5,PFn=3V&5",2023-07-28 23:15:31,2023-09-16 13:30:52
657,hlonergani8,gogaveni8@epa.gov,jT7'q!HE+@,2023-10-29 02:31:48,2023-08-22 22:28:47
658,nrollingi9,aparfreyi9@accuweather.com,"uB8,8a@H{l",2023-08-08 22:14:29,2023-10-13 15:20:42
659,ksheavillsia,spickardia@e-recht24.de,iG7'15IB9{,2023-08-20 09:28:01,2023-07-07 20:27:24
660,arimesib,glhommeib@vinaora.com,lL8MD?%#@,2024-01-09 03:17:08,2023-10-30 17:01:28
661,gbrighouseic,dkellowayic@woothemes.com,hM5\'m..KzU)!,2023-09-26 21:14:32,2024-03-20 13:37:19
662,wsellekid,amacvaghid@myspace.com,"pO8<*>{|SW!#""~Gs",2023-05-25 03:03:06,2024-05-15 14:09:25
663,jdewsnapie,magassie@usatoday.com,wI8.).\k|r,2024-04-09 17:54:02,2024-01-15 09:03:35
664,qscrutonif,cdoniif@noaa.gov,pX99X!i3$@Ok,2024-01-04 09:55:03,2024-04-12 06:01:46
665,ncleevelyig,tpolferig@theguardian.com,mS5~=A3),2023-12-17 17:51:13,2024-05-17 12:09:52
666,mmosedallih,wdevereuxih@nih.gov,wV4GvRP}&'_V=l,2024-01-09 10:55:56,2023-11-15 20:59:32
667,statersaleii,hguddii@theglobeandmail.com,zW2rjqS3eY1EnpVr,2024-04-13 14:35:29,2023-06-12 09:36:33
668,rdewersonij,dtebaldij@1688.com,dD8|@R00,2023-11-22 09:38:48,2023-12-03 06:54:46
669,helvesik,tokieranik@sitemeter.com,lD9do+NfhO*h6sx{,2024-05-07 06:29:08,2023-08-15 20:55:57
670,furvoyil,dfittil@cbslocal.com,xV8Ny8O7n_u$*.,2024-05-09 19:07:28,2023-06-30 01:21:19
671,ddrescheim,acarlyonim@berkeley.edu,uJ66Xnt5G!?mBg,2024-02-05 12:06:08,2024-03-15 02:42:49
672,sbaughnin,bdinnagein@sohu.com,rG7Z!y@Mxl_,2023-09-07 09:55:48,2023-10-29 09:20:50
673,lgeevesio,cwoodyeario@joomla.org,zK9ECaa9I9U)r,2023-12-25 13:16:27,2024-04-16 17:35:49
674,glazenburyip,mpiquardip@senate.gov,"rC1c9""z""g)6b!#W",2023-06-14 14:41:08,2024-04-14 23:51:35
675,tkuhnertiq,srunhamiq@123-reg.co.uk,tR3CCk&0x,2023-08-17 21:17:14,2023-07-30 19:18:19
676,jburnappir,lstokeyir@acquirethisname.com,pO63eceNi,2023-12-10 10:49:21,2023-08-20 10:46:39
677,awaterhouseis,fspindleris@123-reg.co.uk,kE3iynV('TWnI3iK,2023-07-31 03:35:04,2024-03-17 06:45:28
678,jrutherforthit,bbrichamit@theguardian.com,mZ2+$ROc`{w)Jl,2024-01-27 20:19:58,2023-07-09 01:30:29
679,fmorgoniu,pmccrawiu@timesonline.co.uk,uJ3OPV1J8xA\{,2023-08-05 02:03:20,2023-10-23 18:27:46
680,dbatsfordiv,bmacgeeiv@instagram.com,zG8'it*I>&GH%~O,2023-11-19 11:36:29,2023-06-09 13:08:28
681,dlamberthiw,bsauraiw@wired.com,"qC6""<@c$@T)*3yC",2023-12-20 14:41:58,2023-08-14 02:53:28
682,krawcliffeix,sfluryix@mysql.com,eG8y9*W&DoJ,2023-11-26 21:45:20,2023-09-23 08:02:05
683,areynoolldsiy,singleseiy@dropbox.com,pF1S%_v/0UbkG,2023-10-26 19:01:07,2024-03-26 03:28:50
684,wecclestoniz,kweinmanniz@smugmug.com,nR4&HHZ6WM&AD,2024-04-13 21:03:00,2023-11-11 03:20:57
685,djiroudekj0,shargravesj0@reuters.com,tP3d//GG3di,2024-04-30 08:15:00,2023-12-07 03:05:08
686,rflawnj1,fclimiej1@google.com.br,"fP6?3?!bpr4""u3z",2023-12-02 14:22:08,2024-04-09 05:08:42
687,plegierj2,pkaasmannj2@sohu.com,"rA7tLA>/,",2023-09-20 22:05:15,2024-04-18 09:43:46
688,ggregoriouj3,dmeldonj3@com.com,vA9{7Nz@|G7$~H1,2024-03-22 15:54:51,2023-12-03 14:50:24
689,gmyallj4,oguillouxj4@hubpages.com,eL0%\8HM#F+v{lh,2024-03-13 17:05:55,2023-08-17 08:58:53
690,sbenardetj5,crozeaj5@smugmug.com,xA9n2R#R,2024-02-26 06:09:48,2024-03-22 06:38:19
691,rgarawayj6,mrenvoysj6@icq.com,gI4<W)k&&4ek?W,2024-05-11 16:43:39,2024-02-05 07:57:26
692,ehubbocksj7,gbutlandj7@businessweek.com,sS15@HN$0ot\0Z,2023-12-24 12:04:21,2024-02-03 20:54:08
693,sdaniellotj8,cwagenenj8@yolasite.com,sZ6$}I3/,2024-04-14 01:05:13,2023-11-23 00:11:10
694,tpiscullij9,elittleyj9@gov.uk,jW8>kgI){JFI_y,2024-03-04 06:07:53,2023-12-05 20:49:35
695,bdennertja,gmccluneyja@aboutads.info,iR2nNxl0Q,2023-07-18 21:49:04,2023-09-22 04:27:49
696,tbrillemanjb,mmowlejb@amazonaws.com,bP6'UcX?B!cHx.=,2024-04-16 22:14:20,2023-09-11 12:38:58
697,skyntonjc,rtolljc@slate.com,pO6u3!HWUg@'B,2023-08-10 18:11:30,2023-07-25 06:10:14
698,rgirkinsjd,vhaddyjd@hexun.com,kP5s9szHRr3_tg=,2023-11-08 04:50:52,2023-08-12 15:48:07
699,wgilyottje,elarimerje@ustream.tv,kR3+MY!@@K`ZSm.,2023-07-21 21:32:26,2023-07-23 09:41:52
700,rsedgejf,cbrosekejf@comsenz.com,iH5&4K/R,2024-02-28 01:32:26,2023-12-30 22:56:33
701,kmoiseyjg,gdominkajg@sitemeter.com,cT5lhy75v%<N,2023-11-22 00:41:29,2023-06-10 21:02:30
702,dgodmarjh,gbezemerjh@intel.com,uB6WUe($,2024-02-24 14:46:27,2023-05-26 22:38:21
703,rhattji,wbirnieji@sfgate.com,jI4O60F4B%hk/Hw,2023-09-30 03:06:42,2023-09-15 02:55:20
704,mcolliberjj,dcommanderjj@wordpress.com,cF0Sk43b=t,2023-12-25 02:57:22,2024-01-01 22:29:07
705,trommejk,kmardenjk@cdc.gov,kR67!/&UB$RTH,2023-08-10 15:02:41,2024-03-28 08:02:34
706,kwashjl,pcolumbinejl@example.com,xM4kkAWGIo(?,2024-04-18 13:59:37,2024-04-05 00:09:52
707,ielsleyjm,rharmondjm@goo.gl,mW8Wta.T==lfV*?g,2024-01-27 12:47:18,2024-01-17 07:51:22
708,msangwinjn,rconcannonjn@sakura.ne.jp,gO9q/jUqKGcz',2024-02-06 06:56:08,2023-08-18 06:12:36
709,chinksjo,vianillijo@devhub.com,fT25B\Q4KieO(sw,2024-03-08 13:30:12,2023-10-27 01:47:27
710,iburbidgejp,rhazeldinejp@hp.com,rS9Oe4X5c/,2023-06-19 06:32:44,2023-09-11 06:00:41
711,hdooherjq,mvitlerjq@msu.edu,"pA4<k?k*""D?8L>",2023-06-01 18:18:34,2023-09-07 04:34:23
712,vadamthwaitejr,ohudlestonjr@shop-pro.jp,nW3D*A6y|3J,2023-09-22 02:33:05,2023-12-17 02:36:12
713,ijayesjs,dciepluchjs@shinystat.com,hX8dGXuuJ,2023-11-17 08:05:28,2023-07-22 00:28:31
714,nspinasjt,dchessilljt@indiegogo.com,gW68ppMQBB@,2023-06-11 16:32:44,2023-06-10 06:37:08
715,dprendergastju,planghamju@desdev.cn,iB0l>s=%,2024-03-11 08:12:02,2024-03-14 22:56:46
716,bcoultassjv,adefriesjv@wisc.edu,oB429{x_t$JZmB,2023-06-22 03:57:13,2023-09-06 15:46:00
717,gholtawayjw,pstokeyjw@wp.com,lD8yQxwi@k~>,2024-05-13 11:23:12,2024-01-08 11:39:12
718,dtauntonjx,igoldstonjx@issuu.com,aN4*pJ=aV~.4,2023-09-17 10:20:13,2024-05-06 17:31:20
719,thousegojy,gbrissejy@spiegel.de,rJ4t*CDmSSPex4,2023-11-28 03:54:30,2024-01-30 19:16:54
720,cskittrealjz,sskeemorjz@chron.com,xZ8qgXsmTN}9|+,2024-02-10 09:51:50,2023-09-25 01:41:32
721,ctarplyk0,tgarzk0@ftc.gov,lE2y6!J#4@R'Dv$R,2024-03-26 05:34:37,2023-11-08 10:57:25
722,ceadiek1,aprevostk1@squidoo.com,wZ0$y9`|Lh(Uz,2023-09-25 20:22:40,2023-06-12 18:23:58
723,crannaldk2,zhuscroftk2@hud.gov,uA3.Ex_e/%*,2024-04-12 07:44:15,2023-11-23 09:44:00
724,rduguek3,ckernockek3@scientificamerican.com,"vB7d\c,V=",2024-04-08 06:13:34,2023-10-26 15:25:38
725,lwimsettk4,blivensk4@dailymotion.com,mG57e2qlV|$bBGq_,2023-07-04 23:38:21,2024-05-03 00:32:17
726,glockyerk5,dlestork5@reference.com,kQ3f{_F!3~.Hkx,2023-10-06 21:27:34,2023-07-27 11:08:55
727,ksthillk6,nhallattk6@hc360.com,wE40fc1dnv%\Q,2023-09-27 20:39:12,2024-04-23 09:26:20
728,bivanuschkak7,vmariaudk7@arizona.edu,cX1X%LRRhO*v6nu,2023-11-26 05:52:00,2024-04-28 22:20:55
729,moakshottk8,wmarinerk8@mashable.com,"xS1rIsLAlSv1U""f_",2024-01-09 19:46:57,2024-01-14 20:20:42
730,aallcroftk9,rwadworthk9@youtube.com,uL0(?ihg,2024-03-26 21:56:14,2023-10-23 15:10:56
731,ecabenaka,cmccarronka@stanford.edu,"yA2{y4,+e25@au",2023-08-03 21:14:37,2023-05-28 03:08:51
732,kkeeblekb,cgeerlingkb@bravesites.com,sC3piHsqT,2024-04-26 15:02:40,2023-09-08 19:05:44
733,hhatleykc,abyrdkc@businessinsider.com,fS8o2fB7,2023-11-28 20:40:07,2023-10-01 07:23:41
734,gbardenkd,tblacklerkd@feedburner.com,aF66u8|sTC,2023-11-24 22:53:28,2024-04-03 21:04:00
735,hmowerke,yerrigoke@prweb.com,"zC9PFmm}&r%q,\i",2023-06-25 17:32:11,2024-03-07 10:33:06
736,pesparzakf,icorpkf@netscape.com,vB3dKGABAe?,2023-10-25 14:11:33,2024-01-09 17:56:54
737,ksealskg,eattockg@cpanel.net,hT4kkgGDRAn3C,2023-05-24 13:29:42,2024-01-22 02:27:25
738,nskeenekh,tferrymankh@addtoany.com,cL7ysv#*Kq.r,2023-08-04 05:26:28,2024-04-09 14:21:52
739,kpeyzerki,amacguffieki@answers.com,aC3+5|`(YHa=,2023-08-23 13:31:50,2023-09-21 18:37:51
740,cwinckworthkj,rhelliskj@answers.com,zK3hVOAC,2023-08-29 09:23:43,2023-09-05 22:26:03
741,kcoomberkk,gcrasterkk@ucoz.ru,cT2cMfIQx>$!,2024-04-10 22:44:35,2024-03-28 14:13:16
742,mstiddardkl,npurcellkl@soup.io,jO7W@~&RtdQZ@,2023-08-12 08:34:37,2024-02-12 07:13:42
743,drosonikm,claffoleylanekm@arstechnica.com,fD4'K0HwrOk,2024-03-22 21:10:58,2023-06-19 04:27:25
744,atupmankn,owellmankn@example.com,"cK7,aJq6'fK@Z9Z>",2023-07-24 21:13:56,2024-01-16 20:20:56
745,jbaldiniko,dmcveeko@yelp.com,tE20vAK0(,2023-11-06 08:11:53,2023-12-10 06:16:49
746,tromakp,bruselinkp@paginegialle.it,yH0U4@DoX?,2023-10-18 14:47:36,2023-10-11 03:30:21
747,cswaitekq,dgiacubbokq@irs.gov,jZ2LH5?XoZ,2023-09-30 00:09:17,2023-12-23 11:38:46
748,zwaterstonekr,crannkr@dailymail.co.uk,"kS39FS7E9wzh,5j",2023-11-26 18:06:37,2023-08-01 12:22:27
749,avaughanks,rsteinerks@jimdo.com,tE2nZfnuyT,2024-03-01 06:56:19,2023-06-29 21:20:05
750,psedgemondkt,bfawbertkt@accuweather.com,jY8J/tBR1o(e,2023-06-12 10:48:54,2024-03-06 14:04:11
751,rdaulbyku,jnisbyku@blogtalkradio.com,mS1E+Z@qv%j0|c,2023-07-11 06:38:35,2023-08-16 19:33:56
752,nanthiftlekv,ezylberdikkv@paginegialle.it,"bF5._W>_#r59T""n",2024-02-21 03:29:49,2023-12-23 10:08:34
753,ndaguannokw,derridgekw@github.io,dB9/N5=/>p<,2024-04-21 08:41:45,2024-01-05 01:10:55
754,rslaykx,lplowrightkx@bloglines.com,uF1hNM>Tz,2024-02-20 02:44:55,2023-07-15 15:14:02
755,lcopleyky,ssilbermannky@artisteer.com,kE5g?=90@*b,2023-08-15 03:24:55,2024-04-30 14:19:44
756,mvandecastelekz,nmickankz@ihg.com,"oY9G{W17HYQurG""9",2024-01-14 06:15:32,2024-04-24 17:20:17
757,bdictl0,rmccardl0@posterous.com,zX8%LK0)<1T<<,2023-05-31 13:08:49,2023-08-02 20:31:23
758,rfultonl1,gbentsonl1@nydailynews.com,nL8KoK4.gb,2023-08-04 23:47:39,2023-11-03 09:19:30
759,amosebyl2,hmacguirel2@sina.com.cn,pY4'C5pnp%o9,2024-04-16 14:39:26,2023-06-21 15:15:10
760,astideverl3,gfairweatherl3@sogou.com,gT5r*<KdA,2023-08-17 13:18:47,2023-12-10 16:04:14
761,fmcloneyl4,aingarfilll4@shareasale.com,nL4|}ku$7.,2024-03-20 16:57:50,2023-11-12 06:23:04
762,bspeakl5,rwinshipl5@dropbox.com,zV5G091t=),2023-11-02 14:02:59,2023-07-23 09:29:14
763,dpattenl6,gstreetonl6@reuters.com,lC5gX5~_('@$z`,2024-01-07 11:23:02,2023-06-22 04:41:52
764,rranscombl7,nringrosel7@linkedin.com,"sP6zw`D,!=t",2024-04-10 10:05:50,2024-05-09 02:11:03
765,hkitchinghanl8,jfarlhaml8@toplist.cz,rK9GcdOI=uqQ*?i,2023-05-22 22:08:26,2023-08-21 16:44:04
766,ggoldsburyl9,rpersentl9@discovery.com,lB5R)+Ai>>gFpd,2024-02-03 09:11:24,2024-05-05 02:56:27
767,bmingaudla,srizzellila@forbes.com,nW8Qyd#@Nkf>mLP<,2023-08-25 01:01:37,2023-07-28 17:40:08
768,gstookeslb,cskellylb@cnbc.com,uK3t=@E#SID97..,2024-03-03 15:17:51,2024-03-01 11:04:39
769,bglanesterlc,dcasellc@unblog.fr,"kI5_,Lq0=Px|X0W",2024-05-17 10:07:18,2023-10-08 23:06:42
770,kflagld,hwewellld@technorati.com,oJ1H9Z.b${@EL1,2024-04-26 18:04:51,2023-09-28 09:44:53
771,epaudinle,seustanchle@economist.com,tR409v\aH6e,2023-10-19 14:58:38,2023-12-03 13:12:56
772,cdecentlf,sdriolilf@yelp.com,aC6iPK2NoO*PjGy,2024-04-21 11:28:31,2024-01-28 22:24:46
773,jgianololg,pjillardlg@macromedia.com,zS42a<&2c<1\,2023-07-14 10:06:02,2023-08-24 21:03:30
774,njurewiczlh,vizchakilh@noaa.gov,vK05*LBtO#,2024-02-11 03:26:40,2024-03-24 07:36:38
775,swrightonli,mrussellli@over-blog.com,sP9Lf18_3j,2024-01-23 16:29:27,2023-11-18 04:01:06
776,bnassylj,eeayreslj@altervista.org,"jB7&q@U{I""xH9PVh",2023-09-23 20:14:59,2024-04-11 02:59:36
777,pjoselandlk,echauncelk@issuu.com,gS759RZg52k7,2023-05-25 16:35:30,2024-01-07 23:01:09
778,tdumiganll,lcapounll@comcast.net,zQ36D'56<kF?/fRO,2024-01-04 22:03:39,2023-08-25 10:49:30
779,ldunnanlm,jblacketlm@cloudflare.com,zC5T2QPF9dV2t,2024-05-20 17:15:01,2023-10-30 10:31:37
780,ekissln,mrasellesln@netlog.com,iS6l|tF|S\x,2023-11-24 12:47:11,2023-08-17 23:10:09
781,rdunphylo,acellolo@tuttocitta.it,"dA0""$e<D1P|r/",2023-10-08 17:12:21,2023-11-04 16:54:22
782,bpridittlp,rdowreylp@symantec.com,rO2HTiOta{X}EXK,2023-07-20 13:00:25,2024-01-30 17:53:07
783,afaustianlq,mmuscatlq@t-online.de,jJ9L0N6TAh,2024-01-26 04:48:46,2023-11-19 12:10:41
784,tmariaudlr,hsneddenlr@example.com,jO3J6`AJv6C>EAM,2023-07-12 19:27:32,2024-05-08 06:47:56
785,atroyls,mbrehenyls@people.com.cn,tF7LVYjK6b2at,2024-01-08 10:32:25,2024-03-02 22:26:37
786,mmichiellt,bfookeslt@dedecms.com,"zV7+,O{w$z(aH",2023-10-17 03:39:41,2024-03-23 17:22:45
787,rmaggillandreislu,pspreaglu@a8.net,wQ2OnI0FMNxJ,2023-09-17 21:18:35,2024-05-15 13:31:12
788,fburrowlv,rmctaguelv@wordpress.org,nP37FK`#gz|/nH,2023-07-26 21:42:37,2023-08-11 21:33:29
789,thillinglw,gscobielw@comsenz.com,sB9lH57F,2023-11-25 12:18:10,2024-02-07 19:44:24
790,crosenstiellx,ckrienkelx@elpais.com,uF2jLu6{,2023-08-21 05:31:13,2023-10-25 09:33:13
791,fblincowely,awordsworthly@sitemeter.com,cB75lLA%7>,2023-05-25 03:34:04,2023-09-16 02:52:54
792,ptonepohllz,dproctorlz@desdev.cn,vD0@VZ!WqSs43bm,2023-11-02 12:39:10,2023-11-16 18:41:09
793,tqusklaym0,pknipem0@google.es,rM2ywocM?,2023-07-23 21:26:23,2023-06-23 22:35:14
794,whonatschm1,rarrolm1@scribd.com,nQ3JNj/Cm,2024-01-16 15:11:05,2023-10-09 06:38:04
795,mcastrom2,gbamlettm2@utexas.edu,dT0r=ja}bkPW,2023-08-26 14:08:27,2023-11-30 22:05:30
796,kriselym3,ldimitrum3@vkontakte.ru,eJ55&V0)iB+%Q}Mt,2024-04-01 06:24:41,2023-09-05 08:24:29
797,wjonkm4,ohavardm4@lulu.com,gK2d9{l>EC,2023-08-06 00:06:12,2024-05-13 16:41:28
798,gbaytropm5,dlaugheranm5@nytimes.com,zZ6e>(xZ89,2023-08-14 22:48:40,2023-08-04 23:59:27
799,echristoffersenm6,rmackombm6@mail.ru,tX2CiHB/U,2023-11-16 04:37:29,2023-11-14 12:04:51
800,mhyldenm7,jbigginm7@symantec.com,tX7Qba2x/L}?6,2023-11-27 10:34:03,2024-03-15 23:21:08
801,cglazzardm8,teasterfieldm8@topsy.com,"qS7F@V(JRh9wf,?",2023-10-06 13:51:39,2023-12-12 12:25:26
802,bpumfrettm9,lzellickm9@odnoklassniki.ru,hC4/+Vi``t(,2023-12-12 21:51:20,2024-03-09 01:57:58
803,sdoblema,shauckema@ycombinator.com,"pP2WoEK""@",2024-02-27 01:03:40,2023-10-22 07:26:00
804,bcasonimb,klittonmb@buzzfeed.com,sX9KRH_~5?<@u,2024-05-17 00:47:12,2023-12-22 05:14:48
805,gtreecemc,dbrettmc@shop-pro.jp,"gQ0W%""`g~",2023-12-08 00:24:46,2023-07-08 09:34:58
806,elohdenmd,cbernaldomd@mediafire.com,zY9x}+CZN4=?v|7c,2023-07-11 13:26:21,2023-07-22 11:37:15
807,tlambrechtme,solenchikovme@xing.com,"tN6oV)""GS)UY&",2023-10-09 15:53:31,2023-09-01 12:59:53
808,ldecopemanmf,hinderwickmf@indiatimes.com,pJ1\p?asVxDy4,2023-12-21 07:24:37,2023-09-03 03:47:19
809,alatourmg,larnaumg@symantec.com,sG1K(!IqTgfMaAJ7,2023-05-30 18:42:20,2023-08-29 18:56:08
810,jalejomh,jjowseymh@examiner.com,jN7~.hG86,2024-03-22 21:17:17,2023-08-18 18:38:15
811,sguirardmi,nbrosemi@nhs.uk,aX0OYJZD,2023-11-29 02:32:35,2023-08-14 21:31:09
812,fwallermj,dbashammj@google.ru,iI3Ir=Vw!,2024-01-13 12:22:44,2023-07-30 07:18:30
813,cworlockmk,apatmanmk@youtube.com,vE1t(m159hOz1rN,2023-10-26 10:29:08,2024-02-25 04:47:40
814,kwibrowml,jfinessyml@nymag.com,aV6*~o*q2`Ba,2023-06-20 11:56:56,2024-02-20 08:47:54
815,xmessermm,nbewickemm@digg.com,"gP0g6,U(J){@",2024-05-18 09:04:03,2023-06-09 17:16:25
816,bcorainmn,ekrimmermn@1688.com,"tN2%We\m\""|Mvz68",2023-10-25 23:47:29,2024-04-24 22:00:03
817,csnariemo,dbuxammo@networksolutions.com,kL3\hMJSGpnyQe|,2023-08-29 10:55:30,2024-05-03 23:00:40
818,mgrestemp,sgrahlmansmp@blinklist.com,wK2A')`WzYhT`Zw,2023-07-28 18:12:22,2023-11-21 16:35:13
819,dbennymq,apynemq@sogou.com,lB0Cu!=sKR,2024-04-14 18:38:29,2023-12-28 03:25:28
820,krippermr,dfeoremr@geocities.com,qB8U6b(|%,2024-01-21 14:15:50,2024-05-10 00:54:11
821,dmarquisms,rcurrerms@home.pl,jN7W+HGsBR_Nm+ft,2023-11-23 05:22:02,2024-05-19 22:49:54
822,rcharringtonmt,svaughammt@cpanel.net,zN2/=zFwr`f,2024-05-02 15:08:42,2024-04-24 01:42:31
823,akilmarymu,rbenbrickmu@webnode.com,sT1q4{?*C*cE>iV,2023-09-11 11:40:31,2024-03-26 22:38:24
824,cbonnairemv,cmclainemv@kickstarter.com,lQ5xU7Tu,2023-07-30 09:37:32,2024-03-02 02:01:52
825,smucklemw,mebbensmw@epa.gov,pR92vRr*2j,2023-09-22 14:20:00,2024-03-24 03:13:23
826,khearnesmx,ocatlowmx@sitemeter.com,gT9qBrhWLP,2023-07-08 11:12:07,2023-11-02 16:11:29
827,amunnmy,jsnoddenmy@tumblr.com,"nX8)0(""ZK",2023-07-29 15:31:43,2023-09-17 05:00:13
828,hmoringmz,jheaselgravemz@blogtalkradio.com,"rI0,~Bdd",2023-07-28 15:16:57,2024-04-30 16:44:04
829,eianellin0,sdonken0@bbc.co.uk,bE11r|qpPiOKt,2024-03-26 18:51:32,2023-08-23 13:12:49
830,maceyn1,rwalshen1@symantec.com,qX8H>0BbV,2023-06-26 20:54:02,2024-05-05 13:46:40
831,tjestn2,jkyllfordn2@delicious.com,sX5yv_T_g>SMw,2024-01-12 16:18:56,2023-12-22 13:59:13
832,tfrilln3,abarnshawn3@w3.org,pE75gtR$'S,2023-09-17 17:03:21,2023-12-28 03:38:05
833,rtoutn4,smcmakinn4@princeton.edu,yU9l){flcv,2023-07-27 22:02:30,2023-11-15 19:26:57
834,mmacfaydenn5,kmcmurdon5@theguardian.com,"aX94GMzh,v",2023-06-16 17:29:21,2024-02-26 07:46:08
835,sdallosson6,fwernhern6@ehow.com,"hJ0u6w5,*%jdtk",2024-03-18 18:25:49,2024-05-06 18:10:47
836,shindrickn7,wkittoen7@cocolog-nifty.com,fD5h<QLBM,2023-11-11 16:18:10,2023-07-19 01:41:28
837,physlopn8,dcleavelandn8@trellian.com,sV4E7f%=='c3,2023-08-26 13:48:49,2023-09-01 21:37:02
838,amcgrortyn9,ktrevillionn9@sourceforge.net,hM26Nh9!dH6'n,2023-12-29 01:40:17,2023-06-08 04:56:52
839,slintotna,aseveryna@infoseek.co.jp,cN5s(2?i*PcFc,2024-01-22 00:12:41,2024-01-28 10:13:35
840,gmallionnb,jdonatinb@e-recht24.de,dY18n~VJ+4&sQYg,2023-10-12 06:08:37,2024-05-09 13:51:37
841,mdruettnc,cgonthardnc@narod.ru,nY8jIDbBa@>d2,2023-11-14 09:09:04,2023-10-06 11:45:41
842,rwindaybanknd,aadamiecnd@apple.com,iD8402lko{bTt,2024-04-12 23:12:51,2024-02-16 08:51:17
843,daslottne,vjustene@behance.net,vJ4RyENp*lDtAN,2024-05-06 00:38:14,2024-05-18 08:40:30
844,mludwikiewicznf,smetherellnf@mysql.com,gX5r<=!L1HHEQJ0I,2023-12-15 06:08:07,2023-12-07 01:19:39
845,vdjuricicng,cbecconsallng@wired.com,bN6x+pa7,2023-06-21 14:14:00,2024-04-29 05:08:47
846,ghuetsonnh,pgoodmannh@photobucket.com,cJ4`i@.LnWg.WtJ,2024-03-23 23:06:00,2023-07-09 22:50:45
847,jureyni,wsmallsmanni@elpais.com,dV4xSag'H@S,2023-08-08 06:55:08,2023-10-29 10:45:56
848,rbootesnj,dwildeynj@mediafire.com,tB9v_NP'Stz,2023-10-19 11:26:31,2023-06-17 19:21:37
849,omoralesnk,kclaworthnk@i2i.jp,"iZ7Jn""vKX}&kFSG",2023-08-04 03:28:54,2023-06-14 20:19:15
850,gelamnl,dgrotenl@quantcast.com,oA8JTkdW/,2023-08-07 17:33:05,2023-11-05 17:48:54
851,scarlislenm,gstinchcombenm@boston.com,oJ4tpqlEF,2023-12-07 03:31:45,2023-12-06 23:22:14
852,kmoreingnn,fdeeleynn@yellowbook.com,vS6Q\y)|Y6tRT,2023-12-14 14:19:26,2023-08-08 09:39:11
853,stroubridgeno,mporrittno@technorati.com,qR4qAshmTe,2023-10-30 03:40:38,2024-01-26 12:40:30
854,tportlocknp,tclotworthynp@soundcloud.com,"qE6w2xaY,""",2023-05-23 00:05:10,2024-02-04 16:38:38
855,romohunnq,ffriendnq@sphinn.com,dV0`g&e4,2024-05-10 12:12:27,2024-01-09 14:48:00
856,aoruanenr,mabramskynr@slashdot.org,xH9<%KG0o1,2024-04-20 16:54:16,2023-06-01 12:16:14
857,wbitchenons,wbenneyworthns@mozilla.org,vM6nNH%1n?g,2024-01-14 09:06:04,2023-06-12 08:21:40
858,fcootent,kswannt@bloomberg.com,eZ0*=znBBf.sL4,2024-04-29 02:36:49,2023-11-22 16:56:23
859,eyellowleenu,zdananu@discovery.com,fE3)l|=q77T2$D,2024-02-19 23:18:32,2023-09-29 10:22:38
860,aagastinanv,gpriddynv@baidu.com,bJ5$&I}wjHN,2023-12-31 06:32:43,2024-04-01 12:54:41
861,ijakemannw,bboagnw@etsy.com,dJ8?HmnmnFPU'$<,2024-03-01 07:35:43,2023-06-20 11:49:17
862,edjokicnx,glygoenx@squidoo.com,cZ32r{Fzq~fP~,2023-07-03 03:18:08,2023-12-01 23:32:16
863,mgovenlockny,jpashny@nyu.edu,rZ2E&!~mR,2023-07-14 10:13:36,2023-12-09 16:32:28
864,edallonnz,wsandarsnz@japanpost.jp,aH6LK9)_,2023-12-03 17:42:51,2024-01-17 19:32:14
865,relwino0,jwigsello0@earthlink.net,"rU2ycuLb,ULwkKVZ",2024-01-02 08:21:18,2023-06-11 17:29:24
866,vbaudo1,mwhitticko1@studiopress.com,wY0!8}Sd,2024-05-06 09:18:50,2024-03-16 18:45:12
867,ltighto2,woakshotto2@blogs.com,wD2<>1>lj\B7$Ka,2024-01-14 21:06:03,2024-04-07 02:32:40
868,hthewlesso3,mebbutto3@uiuc.edu,"sV7yUwEmR,?V",2024-05-04 16:15:24,2023-10-09 17:33:38
869,srichardso4,mginnio4@simplemachines.org,iM3{x?o&v!/_R<,2023-06-14 18:56:36,2023-11-03 07:41:38
870,gscocrofto5,mfarlando5@plala.or.jp,gP5SG%cL_?6g`_,2023-09-14 06:51:01,2023-10-09 00:47:46
871,wslaynyo6,tfahyo6@rakuten.co.jp,uG9D+sw'K,2024-01-16 18:12:36,2024-05-01 02:16:02
872,mskewso7,sridgwello7@comcast.net,hH7yBV<`aI}Lv,2023-12-04 10:58:21,2024-03-24 23:38:07
873,atrewarthao8,fboyano8@cocolog-nifty.com,dC8#*bpGxmobc,2023-12-31 18:48:47,2023-10-07 17:31:58
874,rideo9,zolekhovo9@whitehouse.gov,qE0<m8@obcM),2023-09-12 18:52:37,2023-12-12 22:43:25
875,pmyrtleoa,hkendelloa@microsoft.com,mY0{./gsQ0Pf,2023-06-01 13:58:52,2024-05-05 13:01:39
876,lcavenob,lyewmanob@technorati.com,nS3qB*Vjw,2023-09-10 15:30:12,2023-10-21 18:36:50
877,zrickeardoc,rjellicooc@scientificamerican.com,eZ0@j!DznqP7Af,2023-07-13 04:07:17,2024-02-12 20:09:56
878,mderxod,lsainsod@ebay.com,yO5bNhB7th_tO~J,2023-07-03 13:37:22,2023-05-23 10:28:11
879,fmaassoe,bsilcockoe@shinystat.com,nK1i8x7j,2023-07-02 00:20:20,2024-01-31 01:56:55
880,lbarendsof,zovershottof@google.co.jp,mB5EvW_T=p\.(&!,2023-07-10 12:59:51,2023-06-21 03:06:53
881,frimmerog,gancliffog@goo.ne.jp,"uT3z,v)2fYb?(,%r",2023-08-18 18:47:24,2024-04-15 21:42:18
882,vspongoh,dfinnickoh@comsenz.com,kS2{<>PaS2,2023-06-17 02:51:43,2024-04-30 00:35:36
883,fkemishoi,cgamwelloi@diigo.com,"vE3""+Hq*O",2024-03-31 18:41:58,2023-07-01 00:24:21
884,lchildeoj,rwatkinsoj@state.tx.us,yG6F'>$Fs,2023-12-20 11:54:32,2023-08-04 08:44:50
885,cbottomoreok,jlipproseok@rediff.com,dT3o#m8@d<n4Ao,2023-11-07 14:51:40,2023-12-14 03:35:54
886,ehatherleyol,chambersol@utexas.edu,jT7'lhLBS,2023-08-20 23:48:32,2024-01-05 23:39:06
887,ceassebyom,abenleyom@who.int,"vU0HZ5~df,0R=h=",2023-12-18 22:26:15,2024-02-08 09:53:19
888,sbarrowson,fhanningon@biglobe.ne.jp,tA5y_O$JPY,2023-08-15 07:49:58,2024-03-13 10:25:39
889,apimerickoo,lverneoo@vk.com,qL9nM7iWd,2024-04-01 16:14:03,2024-03-03 08:43:13
890,clummusop,ahamsteadop@latimes.com,jI0Ap0\=&h,2023-10-01 23:18:03,2023-12-03 19:33:58
891,jseeloq,amorewoodoq@is.gd,xZ9A3PTa,2023-09-19 15:38:33,2023-08-05 15:16:25
892,kpaintainor,eitzakor@senate.gov,"cP4~N>K,X,,",2023-10-20 23:41:19,2024-01-25 07:00:44
893,acraddyos,briversos@unesco.org,zQ3N_1H|5,2024-03-18 13:03:55,2024-04-21 08:13:08
894,jgerreltsot,dwaddellot@shutterfly.com,"eX7=.6LRe8,Wk$DA",2023-07-11 05:20:54,2023-05-29 13:02:29
895,mhessingou,bsumpterou@blog.com,tV7Q8#RFm`,2024-02-02 11:15:45,2024-01-16 15:10:40
896,cmulhollandov,dnairneov@tamu.edu,lD7?(9vG=yh,2023-08-06 15:50:59,2024-02-16 17:42:01
897,itaillantow,cpurcellow@domainmarket.com,"jK0#0'ryB""V.(n",2023-07-26 06:26:37,2024-05-14 15:54:26
898,twoolliamsox,rdyzartox@merriam-webster.com,jI9c4bs<G/#xy/,2023-09-25 16:00:20,2024-01-23 14:47:57
899,fjaumeoy,kpietaschoy@typepad.com,cU2}j<gFA5.,2024-02-01 02:35:07,2023-10-01 07:09:37
900,salldisoz,ttroubridgeoz@homestead.com,oL3MLL/H|,2023-11-04 05:22:36,2023-12-05 22:40:39
901,oollenbuttelp0,kknobellp0@sitemeter.com,mX1+{VV(7Y7$r,2023-06-12 02:46:02,2023-05-22 23:26:28
902,aoggerp1,ocreddonp1@ycombinator.com,aI6vW#'VV<$@c(,2023-11-15 03:47:54,2024-05-03 04:05:14
903,ejosupeitp2,rglasspoolp2@mashable.com,kT0D82B`8iF,2023-12-01 15:58:12,2023-12-22 01:06:07
904,itrevesp3,rgavinp3@eventbrite.com,"yJ8>""FsIaK1s#R",2023-09-07 19:01:20,2024-05-15 01:32:42
905,dcherringtonp4,abeagleyp4@comsenz.com,vY4.wY6!bK?=gl,2023-07-22 13:12:15,2024-02-23 21:38:52
906,bivantsovp5,wklulisekp5@disqus.com,aT6$.DrtI|qd?Bo,2023-10-07 13:31:09,2024-05-16 16:34:04
907,mtunnahp6,ebridgenp6@opensource.org,yJ8.(=KJpL=,2023-06-29 13:00:32,2024-02-24 06:01:14
908,akennifickp7,bwestpfelp7@engadget.com,mJ3Q16x89H',2023-06-19 01:50:45,2024-01-05 14:05:32
909,cmoxsteadp8,gchreep8@salon.com,yZ3O=mtFukmy=,2023-08-15 03:03:19,2023-05-29 02:41:26
910,ryakobowitchp9,kgroddenp9@bbc.co.uk,eL8rk@O.?9.,2023-11-23 00:05:27,2024-03-15 15:13:16
911,mgladebeckpa,rcurthoyspa@themeforest.net,kV2xSv6LIN>9,2024-04-11 12:14:46,2024-05-20 04:28:08
912,nvanyarkinpb,spybworthpb@addthis.com,zF6<~MG`Yr,2023-12-12 07:41:26,2024-04-23 23:50:03
913,dcloutepc,cstobiepc@nbcnews.com,eX6z/>q+,2023-11-05 17:00:16,2024-04-24 13:09:55
914,chapkepd,evonhelmholtzpd@networksolutions.com,rG8.oFjc,2024-03-29 06:00:54,2023-07-15 04:21:39
915,rmacdearmidpe,skilpatrickpe@nps.gov,nU38LBOqVg,2023-09-04 04:37:28,2024-02-07 11:56:34
916,tdismorepf,sramapf@skyrock.com,"iX9hmo,KI70a",2024-03-10 03:12:10,2023-10-01 14:20:19
917,hreimerspg,sgatsbypg@de.vu,mE7z|9O5e,2023-12-15 06:58:07,2023-07-14 10:01:31
918,jolliffph,rodhamsph@shutterfly.com,sS5coOk$5WOW#,2023-06-24 00:46:06,2024-04-21 04:45:17
919,bbattrampi,pkassidypi@thetimes.co.uk,cO2P>`rEn~,2023-06-08 01:33:16,2024-05-03 12:19:55
920,bwoodhallpj,gparemanpj@craigslist.org,fO9CcmqVcLfjb,2024-01-28 06:19:28,2023-11-30 10:58:14
921,bbosspk,cdacrepk@cocolog-nifty.com,"lP2""kz!X6TewB2",2024-01-22 06:04:27,2023-08-04 02:00:48
922,dhinzpl,gbeddingpl@phpbb.com,yW3iuE+4l,2023-12-28 10:31:48,2023-10-08 20:50:03
923,collettpm,sloniepm@squidoo.com,aJ9e_7i'@e>k,2023-10-31 17:20:38,2024-05-19 01:45:46
924,kmouatpn,pdekeeppn@scientificamerican.com,pM5T~bs1rr_}v,2023-09-04 10:12:15,2023-10-22 16:35:41
925,ydarypo,abondpo@ow.ly,sQ7SOYq7Tco,2023-08-24 02:57:20,2023-07-25 18:08:06
926,cosherrinpp,bmaskillpp@behance.net,qR8X{`1=}N<$_,2024-03-09 21:53:51,2023-07-07 05:40:03
927,ojoypq,krayburnpq@wikimedia.org,fM4+1#QyXy9$NIyp,2024-02-22 19:08:37,2024-02-18 16:08:43
928,aheephypr,tbehneckepr@nsw.gov.au,eW8e=HsEcoy,2024-05-03 22:01:32,2023-10-28 13:07:57
929,jrennlesps,nmattkeps@umich.edu,pH3U'>M/i\,2024-02-24 23:01:24,2023-07-10 12:41:25
930,jguielpt,kgreensitept@chronoengine.com,"nE6""&7?$O/a31",2023-08-25 06:47:16,2024-05-19 19:21:22
931,dsmithsonpu,sruoffpu@simplemachines.org,dD40Ta<UdrdlV0b0,2024-04-09 09:24:47,2023-10-31 02:46:02
932,ahesbrookpv,kgenthnerpv@acquirethisname.com,qV6EA<a{Id`',2023-10-09 10:10:19,2023-11-19 14:56:25
933,gwetherbypw,rgadesbypw@blogs.com,hW6ECfkJClD#dnU,2023-10-17 06:56:52,2023-11-06 19:28:28
934,tlghanpx,ttolfreypx@multiply.com,dW9zISiAqp$yhW,2024-04-19 14:06:17,2023-06-09 09:28:20
935,srollingspy,dragglespy@harvard.edu,"yD8/)A,=$7eE\%{E",2024-02-11 02:33:27,2024-02-22 16:24:42
936,aklinepz,dmcginleypz@pcworld.com,"gN5'+""880GIIdO4",2024-04-12 22:27:20,2023-05-26 00:53:16
937,kbernolletq0,dwormanq0@simplemachines.org,"oF32SpHl#Edzh,=",2023-08-10 19:58:30,2024-01-04 23:33:29
938,fselesnickq1,rdecarolisq1@shinystat.com,qQ6N52q2,2024-01-19 14:48:20,2024-03-10 05:12:14
939,wconeauq2,fgerdesq2@hostgator.com,"jG8?,vOf!+Z+nE2",2023-12-05 16:28:04,2023-07-24 22:50:03
940,gparlattq3,ccastledineq3@ox.ac.uk,vQ7Q*`nrL,2023-08-03 21:16:14,2024-04-16 06:30:18
941,ngiffq4,gcurranq4@cnn.com,tD4!IzOMtrL{p,2023-06-25 09:51:05,2024-04-17 12:08:28
942,laxtellq5,dfennerq5@cam.ac.uk,mU9%cW{jk)b!OU,2023-06-09 12:50:47,2023-10-02 15:43:05
943,uboothmanq6,sflemyngq6@godaddy.com,jC8.20xm953J1$nz,2023-07-18 10:43:56,2023-07-13 21:32:39
944,rfawdryq7,lmocherq7@digg.com,"yU4uGnXnY~6""n.<",2023-11-29 22:49:13,2023-08-11 18:29:22
945,nrubinq8,jslesserq8@blogtalkradio.com,vJ6cpE2a,2024-01-18 04:09:37,2023-06-05 18:02:04
946,jivshinq9,bmitchallq9@hao123.com,iT5(e?2)gfi7d,2023-12-27 13:53:59,2023-10-31 14:23:40
947,etommaseoqa,nmcwhinneyqa@redcross.org,aC5j|6'nGF,2023-10-17 13:21:19,2023-08-23 01:28:22
948,agooderqb,tbehrensqb@discovery.com,tL5#`0`$\4u9,2023-10-28 20:54:10,2023-06-27 03:32:46
949,dwaddellqc,rdinneenqc@bing.com,"lD3BN+9U2,8<?W",2024-02-29 22:32:27,2023-10-08 05:48:38
950,mkinetonqd,bjenikqd@time.com,"sA6j7""''DjQP28{X",2024-02-09 10:59:17,2023-09-04 04:22:06
951,mwymerqe,aboundsqe@blogspot.com,cG7~_4A(gQ,2023-07-10 15:04:34,2024-03-06 08:33:36
952,hboughtonqf,rdombrellqf@elegantthemes.com,uH6}ASkF9m,2023-06-13 05:47:54,2023-11-09 07:38:58
953,ewallbanksqg,dpaolinoqg@berkeley.edu,iL4`N{UON_?D,2024-01-17 03:31:21,2023-12-29 12:47:25
954,odrinnanqh,mgauchqh@barnesandnoble.com,"vR5(I""D%|X",2024-02-13 20:26:54,2024-03-17 07:15:49
955,dstrafenqi,gspreullqi@time.com,oX8ogg%Wk5,2024-01-14 15:34:31,2023-11-27 13:56:40
956,rmaddrellqj,spimlettqj@mlb.com,pC1e.=y7,2024-05-08 13:41:27,2024-02-22 13:33:12
957,fredmainqk,zschwiesoqk@geocities.com,bX4fCb1QAShW,2023-06-06 15:03:55,2023-12-21 08:19:38
958,gstollsteinerql,lfilmerql@yellowpages.com,cF8tH~CRC.zuY,2023-10-05 21:04:51,2023-07-13 02:14:52
959,ksalandinoqm,kbrewettqm@google.nl,"tM4sZNr31""%yAujt",2023-09-06 18:07:57,2023-09-07 09:44:25
960,nwiltsherqn,esabatesqn@geocities.com,"xE9mAf!wr""",2023-07-11 17:59:20,2023-08-13 11:44:03
961,celksqo,bnunesnabarroqo@dot.gov,"xP1rw,0?R\Z15D",2023-08-22 06:45:16,2023-10-11 16:42:39
962,tragglesqp,lgaulerqp@oaic.gov.au,yO7wpi~LUCGd{@,2024-01-17 01:01:03,2023-07-24 16:19:33
963,hmiddlemistqq,osinkingsqq@un.org,nG4j5J825ZXX,2023-10-18 03:09:38,2024-01-31 12:04:27
964,lgeartyqr,trodgmanqr@yellowbook.com,eB3w6Aca%D,2024-04-12 19:57:30,2023-12-27 14:03:00
965,egheorghieqs,zspiteriqs@prnewswire.com,rL6+Q@3b|N2),2023-06-27 01:54:55,2024-03-27 08:05:15
966,rdecleenqt,mharesnaipqt@blogger.com,"tN4M|1{s,1$GKQ7",2023-09-08 12:27:17,2023-07-02 19:38:21
967,ccoshqu,eflowerdewqu@harvard.edu,bR9zv9=9N~?7G(,2023-10-15 03:09:03,2024-02-15 02:33:58
968,kliebmannqv,mrapaportqv@1und1.de,xT4tn}?l'X_F?,2024-03-07 19:30:07,2024-03-07 02:35:38
969,eoquirkqw,nmarrianqw@quantcast.com,sW6k@zP8,2024-02-01 22:37:23,2023-10-27 00:50:30
970,lpertqx,clesurfqx@bravesites.com,vT1TkK'H,2023-05-29 07:22:11,2023-08-28 20:30:29
971,mwaddamsqy,nriderqy@e-recht24.de,fD1fbZFq%qvtmf3,2023-07-13 09:09:18,2024-04-16 01:49:42
972,thalfhydeqz,smarteletqz@latimes.com,dT4w_R8fn`,2023-07-16 07:38:06,2023-12-10 17:52:15
973,wlindlr0,fhenzerr0@theatlantic.com,oA4bvItK+JRe,2023-09-14 01:38:12,2023-08-19 05:03:21
974,dtreagusr1,tartrickr1@amazonaws.com,wG1VJ9xRfT+,2023-09-10 16:26:18,2023-05-30 00:13:41
975,hdrooganr2,seasterlingr2@cpanel.net,uU2)4qt{&~5(,2023-11-26 05:44:21,2024-05-06 10:39:28
976,plelliottr3,ebrothertonr3@gmpg.org,aK34?FJu<_N6xzc,2023-11-20 16:47:32,2024-03-09 02:13:26
977,cterransr4,esammonsr4@indiatimes.com,jD8qxmQ!}w|,2023-12-23 21:58:02,2023-06-07 18:05:04
978,dweepersr5,cmurdenr5@exblog.jp,xH3Wd39$o,2024-01-04 09:43:14,2024-01-24 05:08:00
979,droathr6,ppobjoyr6@nationalgeographic.com,rC5<=eEOO>=q/t,2023-08-21 11:23:04,2023-08-31 00:42:47
980,lmelmarr7,mogilvyr7@histats.com,yX2e'LyP#Qr#,2024-02-09 05:13:29,2024-03-18 02:35:59
981,fhutchinsonr8,hbickertonr8@slideshare.net,bL49/j_|,2024-05-19 09:07:59,2023-08-18 05:32:44
982,lfanninr9,mdifranceshcir9@arizona.edu,qB276f&wLxF4JfM@,2024-05-09 10:01:33,2023-08-03 19:16:38
983,vgolbournra,pnaveinra@weibo.com,iP5=9CVv,2023-05-22 19:09:48,2023-09-10 07:20:33
984,cpictonrb,dmillamrb@dagondesign.com,yQ6~dwbCl,2023-06-26 09:19:25,2024-01-31 03:03:52
985,sdivallrc,emcbriderc@tamu.edu,oP6?ko_9m.)&,2024-04-26 21:00:33,2024-02-21 11:26:50
986,mflancinbaumrd,lmcfierd@skype.com,cK09\/*#<M,2023-10-21 09:27:13,2023-07-11 21:02:32
987,rlivermorere,dohogertiere@g.co,"wL7,#r'Go@%`}",2024-03-27 21:53:18,2023-10-03 09:31:34
988,rpawlowiczrf,kdinserf@com.com,kO7}B>yckUt%#,2023-11-07 20:19:34,2023-06-21 09:38:59
989,gswynleyrg,ljeansrg@ted.com,gP2t}Qt13cJ~7,2024-01-15 18:14:46,2024-01-21 06:09:25
990,ajaggersrh,jbuckierh@fotki.com,iS0F9.TdC,2023-10-13 19:21:30,2024-01-11 02:35:36
991,pharnimanri,lsandersri@fema.gov,oV9gha8tzZv,2023-09-10 08:15:37,2023-05-30 17:57:14
992,qcashellrj,eevangelinosrj@ocn.ne.jp,rN2gj~9Hq,2023-05-22 19:24:23,2023-09-28 14:32:32
993,mhaytork,kogriffinrk@ovh.net,lJ2.)#P}M),2024-03-09 11:00:18,2023-06-21 17:09:22
994,lreisenbergrl,bchaldecottrl@un.org,"tP0B1><c(.2_""R",2023-07-18 02:51:32,2023-11-07 07:15:17
995,mbreemrm,pszymanzykrm@zimbio.com,uM3*T9WYsOv>L,2023-12-20 15:44:38,2024-04-17 17:46:46
996,hhoffrn,glorencrn@flavors.me,"aF2Z3aq""ij8VDKuP",2024-04-12 21:54:08,2024-04-23 13:30:18
997,hhansero,rbonifacero@time.com,hW0<RYx~OE,2023-12-06 09:13:00,2024-05-16 07:59:01
998,hrudeyeardrp,mkarpushkinrp@istockphoto.com,pF0DtfN4,2023-06-27 17:12:13,2024-04-12 15:49:53
999,sbezleyrq,gnovisrq@japanpost.jp,iB02OX.4s\?E,2023-06-21 09:21:38,2023-12-13 02:23:21
1000,nstanexrr,lnickelsrr@newsvine.com,eC1@?1m3'sY)bD,2023-10-27 11:49:52,2023-09-16 12:30:23
